/* This is html_page.h converted to a byte array using:

   https://tomeko.net/online_tools/file_to_hex.php?lang=en

   Paste the byte array into a sketch tab "mp3_name.h" and add
   two lines at the start with a unique array name:

                const uint8_t  radioglobe_html_page[] PROGMEM = {

   At the end add:

        };

   See example below. Include the tab in the main sketch, e.g.:

        #include "radioglobe_html_page.h"

   */
const uint8_t radioglobe_html_page[] PROGMEM = {
0x3C, 0x21, 0x44, 0x4F, 0x43, 0x54, 0x59, 0x50, 0x45, 0x20, 0x68, 0x74, 0x6D, 0x6C, 0x3E, 0x0D, 
0x0A, 0x3C, 0x68, 0x74, 0x6D, 0x6C, 0x20, 0x6C, 0x61, 0x6E, 0x67, 0x3D, 0x22, 0x65, 0x6E, 0x22, 
0x3E, 0x0D, 0x0A, 0x0D, 0x0A, 0x3C, 0x68, 0x65, 0x61, 0x64, 0x3E, 0x0D, 0x0A, 0x20, 0x20, 0x20, 
0x20, 0x3C, 0x6D, 0x65, 0x74, 0x61, 0x20, 0x63, 0x68, 0x61, 0x72, 0x73, 0x65, 0x74, 0x3D, 0x22, 
0x55, 0x54, 0x46, 0x2D, 0x38, 0x22, 0x3E, 0x0D, 0x0A, 0x20, 0x20, 0x20, 0x20, 0x3C, 0x6D, 0x65, 
0x74, 0x61, 0x20, 0x6E, 0x61, 0x6D, 0x65, 0x3D, 0x22, 0x76, 0x69, 0x65, 0x77, 0x70, 0x6F, 0x72, 
0x74, 0x22, 0x20, 0x63, 0x6F, 0x6E, 0x74, 0x65, 0x6E, 0x74, 0x3D, 0x22, 0x77, 0x69, 0x64, 0x74, 
0x68, 0x3D, 0x64, 0x65, 0x76, 0x69, 0x63, 0x65, 0x2D, 0x77, 0x69, 0x64, 0x74, 0x68, 0x2C, 0x20, 
0x69, 0x6E, 0x69, 0x74, 0x69, 0x61, 0x6C, 0x2D, 0x73, 0x63, 0x61, 0x6C, 0x65, 0x3D, 0x31, 0x2E, 
0x30, 0x22, 0x3E, 0x0D, 0x0A, 0x20, 0x20, 0x20, 0x20, 0x3C, 0x74, 0x69, 0x74, 0x6C, 0x65, 0x3E, 
0x45, 0x53, 0x50, 0x20, 0x57, 0x65, 0x62, 0x20, 0x46, 0x69, 0x6C, 0x65, 0x20, 0x4D, 0x61, 0x6E, 
0x61, 0x67, 0x65, 0x72, 0x3C, 0x2F, 0x74, 0x69, 0x74, 0x6C, 0x65, 0x3E, 0x0D, 0x0A, 0x20, 0x20, 
0x20, 0x20, 0x3C, 0x6C, 0x69, 0x6E, 0x6B, 0x20, 0x72, 0x65, 0x6C, 0x3D, 0x22, 0x69, 0x63, 0x6F, 
0x6E, 0x22, 0x20, 0x68, 0x72, 0x65, 0x66, 0x3D, 0x22, 0x64, 0x61, 0x74, 0x61, 0x3A, 0x69, 0x6D, 
0x61, 0x67, 0x65, 0x2F, 0x70, 0x6E, 0x67, 0x3B, 0x62, 0x61, 0x73, 0x65, 0x36, 0x34, 0x2C, 0x69, 
0x56, 0x42, 0x4F, 0x52, 0x77, 0x30, 0x4B, 0x47, 0x67, 0x6F, 0x41, 0x41, 0x41, 0x41, 0x4E, 0x53, 
0x55, 0x68, 0x45, 0x55, 0x67, 0x41, 0x41, 0x41, 0x45, 0x41, 0x41, 0x41, 0x41, 0x42, 0x41, 0x43, 
0x41, 0x59, 0x41, 0x41, 0x41, 0x43, 0x71, 0x61, 0x58, 0x48, 0x65, 0x41, 0x41, 0x41, 0x41, 0x41, 
0x58, 0x4E, 0x53, 0x52, 0x30, 0x49, 0x42, 0x32, 0x63, 0x6B, 0x73, 0x66, 0x77, 0x41, 0x41, 0x41, 
0x41, 0x6C, 0x77, 0x53, 0x46, 0x6C, 0x7A, 0x41, 0x41, 0x41, 0x4C, 0x45, 0x77, 0x41, 0x41, 0x43, 
0x78, 0x4D, 0x42, 0x41, 0x4A, 0x71, 0x63, 0x47, 0x41, 0x41, 0x41, 0x42, 0x31, 0x78, 0x4A, 0x52, 
0x45, 0x46, 0x55, 0x65, 0x4A, 0x7A, 0x6C, 0x57, 0x77, 0x6C, 0x73, 0x46, 0x47, 0x55, 0x55, 0x70, 
0x6B, 0x43, 0x46, 0x4B, 0x69, 0x49, 0x43, 0x6D, 0x6D, 0x69, 0x49, 0x31, 0x4B, 0x75, 0x42, 0x4B, 
0x45, 0x58, 0x77, 0x52, 0x41, 0x67, 0x53, 0x6A, 0x52, 0x63, 0x6F, 0x69, 0x6C, 0x46, 0x42, 0x69, 
0x51, 0x63, 0x53, 0x4E, 0x51, 0x62, 0x69, 0x6D, 0x61, 0x69, 0x78, 0x63, 0x70, 0x63, 0x67, 0x74, 
0x35, 0x51, 0x43, 0x4C, 0x53, 0x70, 0x48, 0x41, 0x53, 0x75, 0x46, 0x53, 0x67, 0x58, 0x6B, 0x43, 
0x69, 0x30, 0x67, 0x35, 0x53, 0x34, 0x74, 0x74, 0x4B, 0x58, 0x33, 0x66, 0x64, 0x39, 0x6C, 0x75, 
0x32, 0x31, 0x70, 0x64, 0x39, 0x73, 0x2B, 0x33, 0x7A, 0x65, 0x7A, 0x6F, 0x30, 0x76, 0x62, 0x33, 
0x5A, 0x6D, 0x39, 0x5A, 0x71, 0x62, 0x6C, 0x4A, 0x56, 0x38, 0x7A, 0x73, 0x35, 0x32, 0x64, 0x66, 
0x65, 0x2F, 0x37, 0x2F, 0x2F, 0x2F, 0x39, 0x37, 0x33, 0x2F, 0x76, 0x2F, 0x33, 0x76, 0x30, 0x63, 
0x46, 0x43, 0x49, 0x71, 0x44, 0x64, 0x6A, 0x43, 0x4D, 0x4F, 0x50, 0x4D, 0x56, 0x77, 0x6E, 0x47, 
0x4D, 0x59, 0x59, 0x79, 0x75, 0x6A, 0x72, 0x71, 0x44, 0x31, 0x4B, 0x6A, 0x52, 0x37, 0x46, 0x43, 
0x47, 0x49, 0x6B, 0x4D, 0x4A, 0x70, 0x49, 0x76, 0x39, 0x4C, 0x43, 0x79, 0x47, 0x4A, 0x73, 0x59, 
0x30, 0x78, 0x69, 0x39, 0x48, 0x54, 0x56, 0x38, 0x4E, 0x47, 0x4D, 0x61, 0x45, 0x5A, 0x72, 0x57, 
0x78, 0x76, 0x52, 0x68, 0x61, 0x49, 0x47, 0x2B, 0x75, 0x6C, 0x45, 0x4B, 0x58, 0x30, 0x61, 0x6C, 
0x55, 0x2F, 0x76, 0x37, 0x73, 0x79, 0x68, 0x71, 0x65, 0x48, 0x5A, 0x75, 0x73, 0x43, 0x30, 0x50, 
0x33, 0x4C, 0x6F, 0x6F, 0x38, 0x67, 0x38, 0x6D, 0x6E, 0x65, 0x30, 0x6D, 0x41, 0x36, 0x6B, 0x47, 
0x36, 0x6A, 0x4A, 0x33, 0x43, 0x59, 0x52, 0x63, 0x6F, 0x55, 0x78, 0x6C, 0x65, 0x48, 0x6C, 0x71, 
0x4F, 0x48, 0x39, 0x47, 0x63, 0x73, 0x59, 0x7A, 0x55, 0x55, 0x47, 0x45, 0x77, 0x55, 0x65, 0x4B, 
0x36, 0x45, 0x48, 0x56, 0x69, 0x5A, 0x52, 0x6A, 0x78, 0x2F, 0x69, 0x75, 0x67, 0x51, 0x47, 0x4C, 
0x37, 0x35, 0x45, 0x73, 0x2F, 0x37, 0x4B, 0x70, 0x34, 0x53, 0x53, 0x42, 0x6D, 0x49, 0x71, 0x77, 
0x45, 0x59, 0x55, 0x77, 0x31, 0x65, 0x70, 0x38, 0x58, 0x63, 0x79, 0x49, 0x6C, 0x70, 0x61, 0x32, 
0x79, 0x67, 0x69, 0x71, 0x59, 0x5A, 0x38, 0x6C, 0x79, 0x64, 0x71, 0x62, 0x70, 0x43, 0x7A, 0x36, 
0x4C, 0x38, 0x67, 0x67, 0x5A, 0x59, 0x63, 0x4C, 0x36, 0x58, 0x36, 0x35, 0x6C, 0x62, 0x30, 0x42, 
0x67, 0x78, 0x66, 0x66, 0x7A, 0x6E, 0x6A, 0x42, 0x7A, 0x41, 0x69, 0x30, 0x59, 0x58, 0x6D, 0x63, 
0x6E, 0x66, 0x71, 0x2F, 0x65, 0x4E, 0x46, 0x7A, 0x59, 0x31, 0x77, 0x42, 0x39, 0x37, 0x59, 0x6B, 
0x55, 0x55, 0x56, 0x39, 0x57, 0x61, 0x51, 0x6B, 0x4D, 0x77, 0x59, 0x5A, 0x6F, 0x2B, 0x41, 0x59, 
0x44, 0x4F, 0x33, 0x2F, 0x50, 0x65, 0x48, 0x69, 0x38, 0x68, 0x4C, 0x42, 0x34, 0x71, 0x37, 0x45, 
0x79, 0x39, 0x75, 0x7A, 0x71, 0x43, 0x61, 0x52, 0x76, 0x68, 0x49, 0x4F, 0x73, 0x58, 0x6F, 0x30, 
0x35, 0x6E, 0x78, 0x45, 0x2B, 0x42, 0x46, 0x4E, 0x38, 0x56, 0x56, 0x55, 0x61, 0x2B, 0x41, 0x37, 
0x74, 0x48, 0x79, 0x37, 0x66, 0x45, 0x5A, 0x2B, 0x77, 0x56, 0x54, 0x71, 0x2B, 0x41, 0x67, 0x35, 
0x37, 0x63, 0x33, 0x33, 0x67, 0x74, 0x6A, 0x4A, 0x4C, 0x58, 0x69, 0x47, 0x74, 0x33, 0x42, 0x44, 
0x6B, 0x52, 0x72, 0x52, 0x54, 0x32, 0x46, 0x58, 0x6A, 0x79, 0x6B, 0x49, 0x78, 0x4A, 0x72, 0x51, 
0x45, 0x41, 0x39, 0x59, 0x34, 0x67, 0x31, 0x41, 0x61, 0x2F, 0x6A, 0x30, 0x39, 0x6C, 0x37, 0x43, 
0x7A, 0x52, 0x58, 0x30, 0x74, 0x4E, 0x34, 0x59, 0x6E, 0x30, 0x71, 0x57, 0x53, 0x62, 0x4A, 0x6E, 
0x36, 0x30, 0x4A, 0x69, 0x44, 0x4B, 0x79, 0x70, 0x78, 0x79, 0x34, 0x71, 0x50, 0x75, 0x32, 0x76, 
0x67, 0x54, 0x34, 0x74, 0x71, 0x4E, 0x5A, 0x64, 0x53, 0x43, 0x67, 0x53, 0x41, 0x69, 0x55, 0x38, 
0x49, 0x64, 0x52, 0x76, 0x53, 0x32, 0x68, 0x57, 0x6E, 0x50, 0x6C, 0x31, 0x4D, 0x49, 0x6E, 0x65, 
0x2F, 0x4B, 0x6B, 0x51, 0x4D, 0x6B, 0x50, 0x42, 0x50, 0x6A, 0x69, 0x43, 0x74, 0x47, 0x64, 0x31, 
0x6F, 0x71, 0x70, 0x68, 0x56, 0x48, 0x42, 0x4B, 0x52, 0x49, 0x42, 0x37, 0x30, 0x6E, 0x65, 0x6E, 
0x35, 0x37, 0x37, 0x4C, 0x56, 0x31, 0x7A, 0x78, 0x64, 0x54, 0x43, 0x72, 0x51, 0x73, 0x53, 0x4A, 
0x41, 0x4A, 0x57, 0x67, 0x6F, 0x41, 0x70, 0x75, 0x48, 0x70, 0x30, 0x58, 0x59, 0x72, 0x6D, 0x69, 
0x71, 0x6B, 0x4A, 0x55, 0x34, 0x76, 0x67, 0x43, 0x73, 0x4E, 0x41, 0x77, 0x44, 0x52, 0x63, 0x6A, 
0x51, 0x79, 0x36, 0x34, 0x76, 0x42, 0x4C, 0x45, 0x43, 0x6C, 0x2B, 0x2B, 0x58, 0x63, 0x42, 0x4A, 
0x5A, 0x55, 0x31, 0x55, 0x6E, 0x5A, 0x31, 0x55, 0x30, 0x66, 0x55, 0x4E, 0x46, 0x45, 0x35, 0x52, 
0x32, 0x44, 0x56, 0x6A, 0x57, 0x62, 0x4B, 0x34, 0x76, 0x76, 0x51, 0x38, 0x35, 0x55, 0x30, 0x4F, 
0x46, 0x41, 0x66, 0x6A, 0x74, 0x59, 0x6F, 0x68, 0x73, 0x63, 0x52, 0x54, 0x68, 0x50, 0x67, 0x46, 
0x52, 0x42, 0x48, 0x68, 0x7A, 0x4D, 0x4D, 0x69, 0x74, 0x61, 0x6F, 0x31, 0x6E, 0x4B, 0x75, 0x73, 
0x4A, 0x35, 0x75, 0x6D, 0x52, 0x2F, 0x66, 0x39, 0x51, 0x6E, 0x41, 0x45, 0x74, 0x52, 0x5A, 0x4F, 
0x5A, 0x6C, 0x6E, 0x70, 0x4A, 0x76, 0x6E, 0x61, 0x55, 0x75, 0x43, 0x79, 0x77, 0x52, 0x73, 0x76, 
0x46, 0x44, 0x70, 0x4E, 0x41, 0x47, 0x51, 0x77, 0x71, 0x76, 0x4E, 0x74, 0x4F, 0x46, 0x63, 0x42, 
0x61, 0x30, 0x34, 0x57, 0x65, 0x59, 0x57, 0x49, 0x42, 0x63, 0x77, 0x79, 0x49, 0x48, 0x68, 0x35, 
0x54, 0x49, 0x42, 0x6B, 0x56, 0x64, 0x71, 0x58, 0x53, 0x4C, 0x41, 0x45, 0x35, 0x4A, 0x62, 0x30, 
0x30, 0x78, 0x50, 0x68, 0x36, 0x54, 0x64, 0x75, 0x41, 0x52, 0x41, 0x6F, 0x72, 0x50, 0x72, 0x62, 
0x6D, 0x77, 0x43, 0x4D, 0x71, 0x75, 0x61, 0x62, 0x6D, 0x77, 0x43, 0x4D, 0x76, 0x52, 0x41, 0x77, 
0x44, 0x56, 0x7A, 0x4B, 0x31, 0x55, 0x33, 0x6D, 0x46, 0x55, 0x46, 0x34, 0x6F, 0x31, 0x43, 0x67, 
0x34, 0x6E, 0x32, 0x70, 0x31, 0x33, 0x56, 0x6A, 0x6F, 0x41, 0x43, 0x39, 0x75, 0x77, 0x7A, 0x49, 
0x6E, 0x4E, 0x70, 0x36, 0x4C, 0x4A, 0x45, 0x59, 0x57, 0x57, 0x70, 0x4A, 0x76, 0x6F, 0x76, 0x54, 
0x43, 0x41, 0x66, 0x6E, 0x6C, 0x70, 0x76, 0x6D, 0x71, 0x4D, 0x73, 0x6D, 0x65, 0x4E, 0x32, 0x41, 
0x6D, 0x6F, 0x62, 0x57, 0x2B, 0x6A, 0x2B, 0x46, 0x57, 0x4C, 0x6D, 0x32, 0x4A, 0x75, 0x56, 0x65, 
0x47, 0x52, 0x74, 0x43, 0x72, 0x33, 0x35, 0x65, 0x7A, 0x61, 0x39, 0x48, 0x61, 0x34, 0x2B, 0x6E, 
0x74, 0x71, 0x51, 0x53, 0x6A, 0x30, 0x44, 0x56, 0x43, 0x5A, 0x67, 0x39, 0x6A, 0x34, 0x78, 0x6D, 
0x54, 0x4A, 0x38, 0x64, 0x54, 0x4C, 0x46, 0x73, 0x43, 0x64, 0x75, 0x61, 0x57, 0x73, 0x6A, 0x72, 
0x51, 0x52, 0x35, 0x54, 0x53, 0x7A, 0x76, 0x2B, 0x38, 0x79, 0x31, 0x33, 0x52, 0x76, 0x63, 0x54, 
0x67, 0x42, 0x61, 0x48, 0x39, 0x30, 0x76, 0x4D, 0x6C, 0x6B, 0x66, 0x7A, 0x68, 0x47, 0x70, 0x50, 
0x2F, 0x52, 0x41, 0x56, 0x51, 0x6A, 0x41, 0x79, 0x39, 0x44, 0x6C, 0x4D, 0x50, 0x59, 0x74, 0x4C, 
0x39, 0x61, 0x46, 0x6F, 0x4B, 0x43, 0x6A, 0x43, 0x67, 0x45, 0x78, 0x6C, 0x75, 0x44, 0x6A, 0x6D, 
0x56, 0x2F, 0x53, 0x74, 0x62, 0x48, 0x55, 0x68, 0x6D, 0x43, 0x39, 0x6F, 0x67, 0x6F, 0x42, 0x43, 
0x32, 0x4E, 0x45, 0x70, 0x6D, 0x66, 0x2B, 0x6D, 0x64, 0x65, 0x35, 0x4A, 0x6A, 0x4A, 0x53, 0x55, 
0x6D, 0x65, 0x69, 0x4E, 0x61, 0x66, 0x4C, 0x61, 0x66, 0x72, 0x4F, 0x48, 0x48, 0x70, 0x6C, 0x61, 
0x79, 0x5A, 0x39, 0x76, 0x43, 0x65, 0x50, 0x6F, 0x6C, 0x4A, 0x71, 0x70, 0x52, 0x53, 0x32, 0x55, 
0x77, 0x49, 0x2F, 0x49, 0x44, 0x6C, 0x6C, 0x6A, 0x78, 0x4F, 0x41, 0x77, 0x69, 0x51, 0x2B, 0x57, 
0x33, 0x71, 0x69, 0x31, 0x47, 0x46, 0x46, 0x56, 0x38, 0x57, 0x57, 0x32, 0x5A, 0x79, 0x36, 0x2F, 
0x46, 0x6D, 0x6E, 0x79, 0x67, 0x61, 0x7A, 0x55, 0x77, 0x53, 0x55, 0x47, 0x55, 0x31, 0x43, 0x61, 
0x55, 0x77, 0x56, 0x41, 0x70, 0x37, 0x66, 0x6C, 0x43, 0x46, 0x38, 0x64, 0x74, 0x44, 0x42, 0x2F, 
0x41, 0x42, 0x57, 0x63, 0x66, 0x67, 0x65, 0x45, 0x69, 0x76, 0x66, 0x48, 0x43, 0x67, 0x55, 0x69, 
0x70, 0x6D, 0x49, 0x35, 0x50, 0x61, 0x6C, 0x58, 0x68, 0x57, 0x6D, 0x55, 0x66, 0x7A, 0x76, 0x32, 
0x56, 0x2F, 0x54, 0x71, 0x61, 0x6E, 0x46, 0x38, 0x5A, 0x36, 0x51, 0x57, 0x4E, 0x70, 0x6F, 0x56, 
0x33, 0x2B, 0x33, 0x45, 0x75, 0x43, 0x37, 0x58, 0x4F, 0x78, 0x71, 0x59, 0x46, 0x32, 0x4A, 0x6F, 
0x50, 0x59, 0x49, 0x51, 0x39, 0x48, 0x79, 0x4D, 0x50, 0x35, 0x45, 0x72, 0x72, 0x48, 0x44, 0x4D, 
0x38, 0x31, 0x73, 0x74, 0x4A, 0x53, 0x6F, 0x58, 0x58, 0x2B, 0x32, 0x77, 0x6D, 0x45, 0x43, 0x77, 
0x69, 0x2F, 0x58, 0x71, 0x45, 0x4E, 0x41, 0x6F, 0x36, 0x6C, 0x56, 0x71, 0x4C, 0x69, 0x67, 0x66, 
0x43, 0x34, 0x6E, 0x79, 0x65, 0x57, 0x4E, 0x51, 0x71, 0x44, 0x69, 0x59, 0x35, 0x55, 0x4D, 0x6D, 
0x57, 0x44, 0x48, 0x63, 0x65, 0x62, 0x58, 0x4E, 0x67, 0x76, 0x50, 0x33, 0x73, 0x64, 0x6A, 0x32, 
0x61, 0x72, 0x6D, 0x72, 0x30, 0x67, 0x57, 0x78, 0x64, 0x69, 0x65, 0x41, 0x64, 0x78, 0x4B, 0x51, 
0x48, 0x78, 0x78, 0x67, 0x33, 0x43, 0x50, 0x31, 0x72, 0x49, 0x6C, 0x55, 0x42, 0x32, 0x74, 0x65, 
0x42, 0x75, 0x48, 0x71, 0x79, 0x68, 0x4D, 0x33, 0x4D, 0x73, 0x39, 0x35, 0x76, 0x48, 0x31, 0x71, 
0x55, 0x49, 0x43, 0x59, 0x39, 0x62, 0x65, 0x41, 0x70, 0x76, 0x66, 0x51, 0x79, 0x2F, 0x41, 0x31, 
0x49, 0x6F, 0x70, 0x64, 0x6C, 0x78, 0x6F, 0x47, 0x75, 0x33, 0x68, 0x33, 0x31, 0x51, 0x61, 0x59, 
0x4D, 0x47, 0x5A, 0x65, 0x70, 0x53, 0x41, 0x73, 0x50, 0x67, 0x71, 0x34, 0x59, 0x64, 0x32, 0x63, 
0x2B, 0x43, 0x44, 0x2B, 0x2B, 0x41, 0x7A, 0x74, 0x72, 0x73, 0x70, 0x55, 0x6D, 0x42, 0x49, 0x52, 
0x53, 0x4D, 0x58, 0x47, 0x48, 0x43, 0x6B, 0x57, 0x4B, 0x72, 0x53, 0x43, 0x73, 0x4F, 0x67, 0x53, 
0x73, 0x62, 0x4A, 0x66, 0x63, 0x34, 0x52, 0x4A, 0x73, 0x70, 0x5A, 0x43, 0x4B, 0x2B, 0x52, 0x52, 
0x74, 0x74, 0x78, 0x71, 0x56, 0x72, 0x57, 0x65, 0x50, 0x54, 0x4B, 0x49, 0x55, 0x76, 0x74, 0x37, 
0x32, 0x74, 0x77, 0x6D, 0x59, 0x44, 0x74, 0x46, 0x6B, 0x57, 0x6B, 0x4B, 0x54, 0x42, 0x61, 0x4C, 
0x44, 0x64, 0x31, 0x45, 0x45, 0x78, 0x48, 0x59, 0x7A, 0x67, 0x32, 0x78, 0x7A, 0x42, 0x42, 0x43, 
0x73, 0x79, 0x5A, 0x43, 0x42, 0x6D, 0x62, 0x4E, 0x5A, 0x62, 0x2B, 0x55, 0x30, 0x5A, 0x39, 0x35, 
0x38, 0x62, 0x54, 0x50, 0x64, 0x77, 0x6A, 0x44, 0x45, 0x30, 0x74, 0x64, 0x70, 0x39, 0x48, 0x5A, 
0x73, 0x68, 0x65, 0x47, 0x4F, 0x7A, 0x57, 0x49, 0x54, 0x44, 0x4A, 0x30, 0x74, 0x57, 0x77, 0x6C, 
0x61, 0x59, 0x7A, 0x51, 0x58, 0x6F, 0x63, 0x7A, 0x75, 0x36, 0x78, 0x64, 0x53, 0x6B, 0x75, 0x52, 
0x59, 0x6C, 0x74, 0x56, 0x71, 0x45, 0x74, 0x53, 0x76, 0x6A, 0x32, 0x42, 0x49, 0x30, 0x68, 0x70, 
0x37, 0x2F, 0x62, 0x43, 0x50, 0x42, 0x62, 0x6C, 0x53, 0x53, 0x4D, 0x62, 0x56, 0x73, 0x4E, 0x65, 
0x7A, 0x7A, 0x48, 0x4B, 0x44, 0x79, 0x50, 0x49, 0x4D, 0x64, 0x56, 0x57, 0x52, 0x6B, 0x72, 0x54, 
0x70, 0x76, 0x7A, 0x6F, 0x30, 0x76, 0x73, 0x50, 0x72, 0x66, 0x36, 0x56, 0x4C, 0x6B, 0x36, 0x42, 
0x4D, 0x42, 0x6F, 0x64, 0x4C, 0x58, 0x4A, 0x32, 0x37, 0x4A, 0x73, 0x4B, 0x6E, 0x4F, 0x2B, 0x73, 
0x45, 0x46, 0x77, 0x66, 0x42, 0x4F, 0x35, 0x70, 0x7A, 0x67, 0x78, 0x6E, 0x56, 0x38, 0x6E, 0x32, 
0x4C, 0x61, 0x44, 0x33, 0x31, 0x37, 0x4F, 0x77, 0x38, 0x47, 0x65, 0x76, 0x4C, 0x38, 0x72, 0x56, 
0x78, 0x30, 0x43, 0x4B, 0x75, 0x76, 0x4E, 0x73, 0x69, 0x32, 0x43, 0x38, 0x58, 0x72, 0x58, 0x6B, 
0x73, 0x75, 0x43, 0x45, 0x37, 0x7A, 0x4D, 0x77, 0x59, 0x6D, 0x7A, 0x41, 0x6F, 0x58, 0x68, 0x44, 
0x44, 0x45, 0x6A, 0x59, 0x43, 0x4F, 0x48, 0x4C, 0x63, 0x47, 0x47, 0x71, 0x4E, 0x48, 0x42, 0x38, 
0x6D, 0x55, 0x2B, 0x74, 0x78, 0x42, 0x77, 0x70, 0x71, 0x42, 0x65, 0x75, 0x4D, 0x62, 0x61, 0x32, 
0x35, 0x34, 0x73, 0x50, 0x6C, 0x59, 0x71, 0x56, 0x4A, 0x4C, 0x67, 0x42, 0x32, 0x4C, 0x7A, 0x4F, 
0x67, 0x59, 0x39, 0x63, 0x6F, 0x4C, 0x53, 0x32, 0x38, 0x74, 0x62, 0x4D, 0x6F, 0x56, 0x33, 0x76, 
0x43, 0x4E, 0x54, 0x6B, 0x45, 0x45, 0x4A, 0x54, 0x6B, 0x6E, 0x52, 0x78, 0x57, 0x55, 0x43, 0x44, 
0x6E, 0x48, 0x59, 0x47, 0x33, 0x52, 0x61, 0x48, 0x47, 0x74, 0x6E, 0x43, 0x2B, 0x72, 0x74, 0x4B, 
0x6F, 0x56, 0x70, 0x43, 0x51, 0x34, 0x4D, 0x42, 0x71, 0x41, 0x6E, 0x49, 0x47, 0x4D, 0x7A, 0x66, 
0x6D, 0x4F, 0x61, 0x49, 0x6F, 0x77, 0x4A, 0x53, 0x61, 0x55, 0x42, 0x69, 0x38, 0x53, 0x59, 0x48, 
0x76, 0x64, 0x35, 0x48, 0x42, 0x7A, 0x5A, 0x6B, 0x34, 0x50, 0x70, 0x42, 0x6B, 0x58, 0x36, 0x75, 
0x30, 0x77, 0x41, 0x61, 0x6E, 0x7A, 0x54, 0x49, 0x38, 0x54, 0x6C, 0x4A, 0x6F, 0x71, 0x66, 0x63, 
0x6C, 0x4C, 0x48, 0x51, 0x77, 0x47, 0x78, 0x77, 0x70, 0x69, 0x51, 0x4E, 0x4D, 0x45, 0x67, 0x2B, 
0x41, 0x36, 0x6C, 0x51, 0x4F, 0x44, 0x30, 0x33, 0x61, 0x45, 0x69, 0x4B, 0x71, 0x32, 0x54, 0x44, 
0x37, 0x55, 0x6C, 0x52, 0x36, 0x6B, 0x4B, 0x41, 0x52, 0x68, 0x72, 0x64, 0x2F, 0x50, 0x34, 0x31, 
0x70, 0x4E, 0x38, 0x73, 0x46, 0x76, 0x65, 0x41, 0x62, 0x71, 0x46, 0x67, 0x4E, 0x68, 0x38, 0x49, 
0x7A, 0x33, 0x49, 0x38, 0x54, 0x2B, 0x38, 0x75, 0x31, 0x34, 0x45, 0x44, 0x6E, 0x65, 0x45, 0x51, 
0x6A, 0x74, 0x63, 0x4A, 0x6D, 0x44, 0x74, 0x6D, 0x58, 0x49, 0x68, 0x45, 0x2B, 0x53, 0x4D, 0x55, 
0x2F, 0x4F, 0x55, 0x70, 0x50, 0x44, 0x73, 0x34, 0x4B, 0x31, 0x57, 0x57, 0x68, 0x79, 0x4C, 0x45, 
0x37, 0x33, 0x4A, 0x74, 0x2B, 0x77, 0x6E, 0x6C, 0x4F, 0x70, 0x76, 0x54, 0x63, 0x42, 0x62, 0x75, 
0x4A, 0x49, 0x53, 0x45, 0x49, 0x34, 0x41, 0x53, 0x39, 0x6B, 0x6A, 0x6D, 0x51, 0x5A, 0x68, 0x48, 
0x36, 0x36, 0x57, 0x69, 0x43, 0x74, 0x71, 0x45, 0x4C, 0x62, 0x4E, 0x79, 0x39, 0x55, 0x43, 0x72, 
0x49, 0x47, 0x5A, 0x69, 0x53, 0x55, 0x63, 0x42, 0x4C, 0x79, 0x45, 0x71, 0x37, 0x47, 0x68, 0x79, 
0x73, 0x72, 0x4B, 0x33, 0x51, 0x48, 0x65, 0x76, 0x44, 0x43, 0x7A, 0x53, 0x43, 0x67, 0x49, 0x38, 
0x4D, 0x65, 0x56, 0x76, 0x51, 0x78, 0x71, 0x64, 0x77, 0x4D, 0x53, 0x4C, 0x42, 0x62, 0x35, 0x47, 
0x67, 0x54, 0x30, 0x59, 0x35, 0x69, 0x77, 0x72, 0x31, 0x35, 0x72, 0x78, 0x64, 0x54, 0x43, 0x61, 
0x2F, 0x2B, 0x76, 0x58, 0x63, 0x5A, 0x4C, 0x57, 0x32, 0x55, 0x76, 0x70, 0x6C, 0x64, 0x65, 0x36, 
0x7A, 0x62, 0x6E, 0x41, 0x2B, 0x52, 0x67, 0x53, 0x64, 0x35, 0x67, 0x51, 0x64, 0x46, 0x50, 0x49, 
0x6D, 0x41, 0x4F, 0x50, 0x6B, 0x45, 0x47, 0x56, 0x6D, 0x76, 0x6C, 0x50, 0x49, 0x32, 0x42, 0x67, 
0x5A, 0x65, 0x6B, 0x45, 0x79, 0x51, 0x48, 0x72, 0x44, 0x64, 0x4C, 0x44, 0x32, 0x49, 0x59, 0x64, 
0x69, 0x66, 0x56, 0x43, 0x4A, 0x6B, 0x62, 0x72, 0x5A, 0x58, 0x30, 0x4A, 0x42, 0x42, 0x53, 0x6B, 
0x35, 0x69, 0x6D, 0x6E, 0x4E, 0x7A, 0x2B, 0x7A, 0x45, 0x41, 0x67, 0x64, 0x6B, 0x38, 0x71, 0x57, 
0x55, 0x74, 0x33, 0x56, 0x59, 0x78, 0x59, 0x63, 0x34, 0x58, 0x4B, 0x78, 0x64, 0x51, 0x39, 0x54, 
0x73, 0x4A, 0x35, 0x74, 0x53, 0x66, 0x41, 0x68, 0x35, 0x46, 0x59, 0x7A, 0x41, 0x75, 0x4F, 0x55, 
0x55, 0x37, 0x45, 0x42, 0x48, 0x72, 0x48, 0x37, 0x62, 0x77, 0x41, 0x4F, 0x79, 0x6C, 0x47, 0x72, 
0x55, 0x68, 0x65, 0x44, 0x72, 0x64, 0x31, 0x5A, 0x75, 0x68, 0x4A, 0x52, 0x68, 0x47, 0x79, 0x74, 
0x66, 0x35, 0x4F, 0x62, 0x4A, 0x33, 0x56, 0x4B, 0x37, 0x43, 0x44, 0x42, 0x41, 0x45, 0x62, 0x69, 
0x59, 0x63, 0x2B, 0x5A, 0x39, 0x67, 0x37, 0x4E, 0x41, 0x57, 0x38, 0x77, 0x43, 0x68, 0x42, 0x55, 
0x57, 0x4C, 0x4B, 0x39, 0x71, 0x77, 0x75, 0x66, 0x33, 0x68, 0x71, 0x5A, 0x46, 0x41, 0x4B, 0x6E, 
0x63, 0x6F, 0x33, 0x53, 0x73, 0x5A, 0x2F, 0x78, 0x65, 0x68, 0x74, 0x6B, 0x77, 0x43, 0x72, 0x38, 
0x30, 0x4E, 0x6A, 0x47, 0x52, 0x6B, 0x49, 0x46, 0x35, 0x48, 0x4B, 0x39, 0x6C, 0x75, 0x56, 0x72, 
0x4C, 0x6B, 0x68, 0x6A, 0x67, 0x4A, 0x46, 0x46, 0x35, 0x78, 0x2B, 0x73, 0x78, 0x79, 0x58, 0x51, 
0x2F, 0x4E, 0x2F, 0x4B, 0x47, 0x74, 0x38, 0x4F, 0x79, 0x4A, 0x77, 0x68, 0x6A, 0x43, 0x45, 0x78, 
0x41, 0x49, 0x4E, 0x37, 0x65, 0x49, 0x5A, 0x41, 0x67, 0x6D, 0x51, 0x68, 0x39, 0x6D, 0x52, 0x2B, 
0x47, 0x69, 0x38, 0x7A, 0x37, 0x63, 0x7A, 0x49, 0x49, 0x5A, 0x42, 0x4F, 0x66, 0x7A, 0x56, 0x73, 
0x43, 0x78, 0x61, 0x65, 0x37, 0x70, 0x63, 0x6D, 0x75, 0x72, 0x67, 0x37, 0x51, 0x38, 0x54, 0x54, 
0x6F, 0x59, 0x34, 0x4B, 0x2F, 0x7A, 0x6C, 0x68, 0x78, 0x69, 0x62, 0x47, 0x64, 0x63, 0x6C, 0x2F, 
0x6C, 0x43, 0x37, 0x42, 0x7A, 0x4E, 0x36, 0x51, 0x62, 0x75, 0x45, 0x4D, 0x34, 0x4B, 0x63, 0x2F, 
0x59, 0x79, 0x4A, 0x47, 0x4E, 0x5A, 0x75, 0x45, 0x58, 0x36, 0x52, 0x4E, 0x32, 0x4D, 0x6B, 0x59, 
0x79, 0x61, 0x4A, 0x4A, 0x38, 0x6D, 0x33, 0x4D, 0x4D, 0x4A, 0x30, 0x67, 0x71, 0x32, 0x4D, 0x55, 
0x4D, 0x59, 0x58, 0x6A, 0x48, 0x48, 0x2F, 0x52, 0x58, 0x67, 0x4B, 0x35, 0x46, 0x2B, 0x4F, 0x50, 
0x4D, 0x56, 0x70, 0x4C, 0x76, 0x56, 0x62, 0x56, 0x67, 0x41, 0x41, 0x41, 0x41, 0x42, 0x4A, 0x52, 
0x55, 0x35, 0x45, 0x72, 0x6B, 0x4A, 0x67, 0x67, 0x67, 0x3D, 0x3D, 0x22, 0x0D, 0x0A, 0x20, 0x20, 
0x20, 0x20, 0x74, 0x79, 0x70, 0x65, 0x3D, 0x22, 0x69, 0x6D, 0x61, 0x67, 0x65, 0x2F, 0x70, 0x6E, 
0x67, 0x22, 0x3E, 0x0D, 0x0A, 0x20, 0x20, 0x20, 0x20, 0x3C, 0x73, 0x74, 0x79, 0x6C, 0x65, 0x3E, 
0x0D, 0x0A, 0x20, 0x20, 0x20, 0x20, 0x20, 0x20, 0x20, 0x20, 0x2F, 0x2A, 0x20, 0x42, 0x61, 0x73, 
0x65, 0x20, 0x73, 0x74, 0x79, 0x6C, 0x69, 0x6E, 0x67, 0x20, 0x2A, 0x2F, 0x0D, 0x0A, 0x20, 0x20, 
0x20, 0x20, 0x20, 0x20, 0x20, 0x20, 0x62, 0x6F, 0x64, 0x79, 0x20, 0x7B, 0x0D, 0x0A, 0x20, 0x20, 
0x20, 0x20, 0x20, 0x20, 0x20, 0x20, 0x20, 0x20, 0x20, 0x20, 0x66, 0x6F, 0x6E, 0x74, 0x2D, 0x66, 
0x61, 0x6D, 0x69, 0x6C, 0x79, 0x3A, 0x20, 0x41, 0x72, 0x69, 0x61, 0x6C, 0x2C, 0x20, 0x73, 0x61, 
0x6E, 0x73, 0x2D, 0x73, 0x65, 0x72, 0x69, 0x66, 0x3B, 0x0D, 0x0A, 0x20, 0x20, 0x20, 0x20, 0x20, 
0x20, 0x20, 0x20, 0x20, 0x20, 0x20, 0x20, 0x62, 0x61, 0x63, 0x6B, 0x67, 0x72, 0x6F, 0x75, 0x6E, 
0x64, 0x2D, 0x63, 0x6F, 0x6C, 0x6F, 0x72, 0x3A, 0x20, 0x23, 0x66, 0x30, 0x66, 0x30, 0x66, 0x30, 
0x3B, 0x0D, 0x0A, 0x20, 0x20, 0x20, 0x20, 0x20, 0x20, 0x20, 0x20, 0x20, 0x20, 0x20, 0x20, 0x63, 
0x6F, 0x6C, 0x6F, 0x72, 0x3A, 0x20, 0x23, 0x33, 0x33, 0x33, 0x3B, 0x0D, 0x0A, 0x20, 0x20, 0x20, 
0x20, 0x20, 0x20, 0x20, 0x20, 0x20, 0x20, 0x20, 0x20, 0x6D, 0x61, 0x72, 0x67, 0x69, 0x6E, 0x3A, 
0x20, 0x30, 0x3B, 0x0D, 0x0A, 0x20, 0x20, 0x20, 0x20, 0x20, 0x20, 0x20, 0x20, 0x20, 0x20, 0x20, 
0x20, 0x70, 0x61, 0x64, 0x64, 0x69, 0x6E, 0x67, 0x3A, 0x20, 0x30, 0x70, 0x78, 0x3B, 0x0D, 0x0A, 
0x20, 0x20, 0x20, 0x20, 0x20, 0x20, 0x20, 0x20, 0x20, 0x20, 0x20, 0x20, 0x64, 0x69, 0x73, 0x70, 
0x6C, 0x61, 0x79, 0x3A, 0x20, 0x66, 0x6C, 0x65, 0x78, 0x3B, 0x0D, 0x0A, 0x20, 0x20, 0x20, 0x20, 
0x20, 0x20, 0x20, 0x20, 0x20, 0x20, 0x20, 0x20, 0x6A, 0x75, 0x73, 0x74, 0x69, 0x66, 0x79, 0x2D, 
0x63, 0x6F, 0x6E, 0x74, 0x65, 0x6E, 0x74, 0x3A, 0x20, 0x63, 0x65, 0x6E, 0x74, 0x65, 0x72, 0x3B, 
0x0D, 0x0A, 0x20, 0x20, 0x20, 0x20, 0x20, 0x20, 0x20, 0x20, 0x20, 0x20, 0x20, 0x20, 0x61, 0x6C, 
0x69, 0x67, 0x6E, 0x2D, 0x69, 0x74, 0x65, 0x6D, 0x73, 0x3A, 0x20, 0x63, 0x65, 0x6E, 0x74, 0x65, 
0x72, 0x3B, 0x0D, 0x0A, 0x20, 0x20, 0x20, 0x20, 0x20, 0x20, 0x20, 0x20, 0x20, 0x20, 0x20, 0x20, 
0x6D, 0x69, 0x6E, 0x2D, 0x68, 0x65, 0x69, 0x67, 0x68, 0x74, 0x3A, 0x20, 0x31, 0x30, 0x30, 0x76, 
0x68, 0x3B, 0x0D, 0x0A, 0x20, 0x20, 0x20, 0x20, 0x20, 0x20, 0x20, 0x20, 0x7D, 0x0D, 0x0A, 0x0D, 
0x0A, 0x20, 0x20, 0x20, 0x20, 0x20, 0x20, 0x20, 0x20, 0x2F, 0x2A, 0x20, 0x4F, 0x75, 0x74, 0x65, 
0x72, 0x20, 0x43, 0x61, 0x72, 0x64, 0x20, 0x28, 0x50, 0x61, 0x67, 0x65, 0x20, 0x61, 0x73, 0x20, 
0x61, 0x20, 0x43, 0x61, 0x72, 0x64, 0x29, 0x20, 0x2A, 0x2F, 0x0D, 0x0A, 0x20, 0x20, 0x20, 0x20, 
0x20, 0x20, 0x20, 0x20, 0x2E, 0x70, 0x61, 0x67, 0x65, 0x2D, 0x63, 0x61, 0x72, 0x64, 0x20, 0x7B, 
0x0D, 0x0A, 0x20, 0x20, 0x20, 0x20, 0x20, 0x20, 0x20, 0x20, 0x20, 0x20, 0x20, 0x20, 0x62, 0x61, 
0x63, 0x6B, 0x67, 0x72, 0x6F, 0x75, 0x6E, 0x64, 0x2D, 0x63, 0x6F, 0x6C, 0x6F, 0x72, 0x3A, 0x20, 
0x23, 0x66, 0x66, 0x66, 0x3B, 0x0D, 0x0A, 0x20, 0x20, 0x20, 0x20, 0x20, 0x20, 0x20, 0x20, 0x20, 
0x20, 0x20, 0x20, 0x62, 0x6F, 0x72, 0x64, 0x65, 0x72, 0x2D, 0x72, 0x61, 0x64, 0x69, 0x75, 0x73, 
0x3A, 0x20, 0x31, 0x32, 0x70, 0x78, 0x3B, 0x0D, 0x0A, 0x20, 0x20, 0x20, 0x20, 0x20, 0x20, 0x20, 
0x20, 0x20, 0x20, 0x20, 0x20, 0x62, 0x6F, 0x78, 0x2D, 0x73, 0x68, 0x61, 0x64, 0x6F, 0x77, 0x3A, 
0x20, 0x30, 0x20, 0x38, 0x70, 0x78, 0x20, 0x31, 0x36, 0x70, 0x78, 0x20, 0x72, 0x67, 0x62, 0x61, 
0x28, 0x30, 0x2C, 0x20, 0x30, 0x2C, 0x20, 0x30, 0x2C, 0x20, 0x30, 0x2E, 0x32, 0x29, 0x3B, 0x0D, 
0x0A, 0x20, 0x20, 0x20, 0x20, 0x20, 0x20, 0x20, 0x20, 0x20, 0x20, 0x20, 0x20, 0x77, 0x69, 0x64, 
0x74, 0x68, 0x3A, 0x20, 0x39, 0x38, 0x76, 0x77, 0x3B, 0x0D, 0x0A, 0x20, 0x20, 0x20, 0x20, 0x20, 
0x20, 0x20, 0x20, 0x20, 0x20, 0x20, 0x20, 0x2F, 0x2A, 0x68, 0x65, 0x69, 0x67, 0x68, 0x74, 0x3A, 
0x20, 0x63, 0x61, 0x6C, 0x63, 0x28, 0x31, 0x30, 0x30, 0x76, 0x68, 0x20, 0x2D, 0x20, 0x34, 0x30, 
0x70, 0x78, 0x29, 0x3B, 0x20, 0x2F, 0x2A, 0x20, 0x46, 0x75, 0x6C, 0x6C, 0x20, 0x68, 0x65, 0x69, 
0x67, 0x68, 0x74, 0x20, 0x6D, 0x69, 0x6E, 0x75, 0x73, 0x20, 0x62, 0x6F, 0x64, 0x79, 0x20, 0x70, 
0x61, 0x64, 0x64, 0x69, 0x6E, 0x67, 0x20, 0x2A, 0x2F, 0x0D, 0x0A, 0x20, 0x20, 0x20, 0x20, 0x20, 
0x20, 0x20, 0x20, 0x20, 0x20, 0x20, 0x20, 0x68, 0x65, 0x69, 0x67, 0x68, 0x74, 0x3A, 0x20, 0x39, 
0x32, 0x76, 0x68, 0x3B, 0x20, 0x2F, 0x2A, 0x20, 0x46, 0x75, 0x6C, 0x6C, 0x20, 0x68, 0x65, 0x69, 
0x67, 0x68, 0x74, 0x20, 0x6D, 0x69, 0x6E, 0x75, 0x73, 0x20, 0x62, 0x6F, 0x64, 0x79, 0x20, 0x70, 
0x61, 0x64, 0x64, 0x69, 0x6E, 0x67, 0x20, 0x2A, 0x2F, 0x0D, 0x0A, 0x20, 0x20, 0x20, 0x20, 0x20, 
0x20, 0x20, 0x20, 0x20, 0x20, 0x20, 0x20, 0x70, 0x61, 0x64, 0x64, 0x69, 0x6E, 0x67, 0x3A, 0x20, 
0x31, 0x76, 0x68, 0x3B, 0x0D, 0x0A, 0x20, 0x20, 0x20, 0x20, 0x20, 0x20, 0x20, 0x20, 0x20, 0x20, 
0x20, 0x20, 0x64, 0x69, 0x73, 0x70, 0x6C, 0x61, 0x79, 0x3A, 0x20, 0x66, 0x6C, 0x65, 0x78, 0x3B, 
0x0D, 0x0A, 0x20, 0x20, 0x20, 0x20, 0x20, 0x20, 0x20, 0x20, 0x20, 0x20, 0x20, 0x20, 0x66, 0x6C, 
0x65, 0x78, 0x2D, 0x64, 0x69, 0x72, 0x65, 0x63, 0x74, 0x69, 0x6F, 0x6E, 0x3A, 0x20, 0x63, 0x6F, 
0x6C, 0x75, 0x6D, 0x6E, 0x3B, 0x0D, 0x0A, 0x20, 0x20, 0x20, 0x20, 0x20, 0x20, 0x20, 0x20, 0x20, 
0x20, 0x20, 0x20, 0x6F, 0x76, 0x65, 0x72, 0x66, 0x6C, 0x6F, 0x77, 0x2D, 0x79, 0x3A, 0x20, 0x61, 
0x75, 0x74, 0x6F, 0x3B, 0x20, 0x2F, 0x2A, 0x20, 0x45, 0x6E, 0x61, 0x62, 0x6C, 0x65, 0x20, 0x73, 
0x63, 0x72, 0x6F, 0x6C, 0x6C, 0x69, 0x6E, 0x67, 0x20, 0x77, 0x69, 0x74, 0x68, 0x69, 0x6E, 0x20, 
0x74, 0x68, 0x65, 0x20, 0x63, 0x61, 0x72, 0x64, 0x20, 0x2A, 0x2F, 0x0D, 0x0A, 0x20, 0x20, 0x20, 
0x20, 0x20, 0x20, 0x20, 0x20, 0x20, 0x20, 0x20, 0x20, 0x70, 0x6F, 0x73, 0x69, 0x74, 0x69, 0x6F, 
0x6E, 0x3A, 0x20, 0x66, 0x69, 0x78, 0x65, 0x64, 0x3B, 0x20, 0x0D, 0x0A, 0x20, 0x20, 0x20, 0x20, 
0x20, 0x20, 0x20, 0x20, 0x20, 0x20, 0x20, 0x20, 0x74, 0x6F, 0x70, 0x3A, 0x20, 0x31, 0x76, 0x68, 
0x3B, 0x0D, 0x0A, 0x20, 0x20, 0x20, 0x20, 0x20, 0x20, 0x20, 0x20, 0x7D, 0x0D, 0x0A, 0x0D, 0x0A, 
0x20, 0x20, 0x20, 0x20, 0x20, 0x20, 0x20, 0x20, 0x2F, 0x2A, 0x20, 0x48, 0x65, 0x61, 0x64, 0x65, 
0x72, 0x20, 0x53, 0x74, 0x79, 0x6C, 0x69, 0x6E, 0x67, 0x20, 0x2A, 0x2F, 0x0D, 0x0A, 0x20, 0x20, 
0x20, 0x20, 0x20, 0x20, 0x20, 0x20, 0x2E, 0x68, 0x65, 0x61, 0x64, 0x65, 0x72, 0x20, 0x7B, 0x0D, 
0x0A, 0x20, 0x20, 0x20, 0x20, 0x20, 0x20, 0x20, 0x20, 0x20, 0x20, 0x20, 0x20, 0x62, 0x61, 0x63, 
0x6B, 0x67, 0x72, 0x6F, 0x75, 0x6E, 0x64, 0x2D, 0x63, 0x6F, 0x6C, 0x6F, 0x72, 0x3A, 0x20, 0x23, 
0x30, 0x30, 0x37, 0x61, 0x63, 0x63, 0x3B, 0x0D, 0x0A, 0x20, 0x20, 0x20, 0x20, 0x20, 0x20, 0x20, 
0x20, 0x20, 0x20, 0x20, 0x20, 0x63, 0x6F, 0x6C, 0x6F, 0x72, 0x3A, 0x20, 0x23, 0x66, 0x66, 0x66, 
0x3B, 0x0D, 0x0A, 0x20, 0x20, 0x20, 0x20, 0x20, 0x20, 0x20, 0x20, 0x20, 0x20, 0x20, 0x20, 0x70, 
0x61, 0x64, 0x64, 0x69, 0x6E, 0x67, 0x3A, 0x20, 0x31, 0x35, 0x70, 0x78, 0x3B, 0x0D, 0x0A, 0x20, 
0x20, 0x20, 0x20, 0x20, 0x20, 0x20, 0x20, 0x20, 0x20, 0x20, 0x20, 0x64, 0x69, 0x73, 0x70, 0x6C, 
0x61, 0x79, 0x3A, 0x20, 0x66, 0x6C, 0x65, 0x78, 0x3B, 0x0D, 0x0A, 0x20, 0x20, 0x20, 0x20, 0x20, 
0x20, 0x20, 0x20, 0x20, 0x20, 0x20, 0x20, 0x6A, 0x75, 0x73, 0x74, 0x69, 0x66, 0x79, 0x2D, 0x63, 
0x6F, 0x6E, 0x74, 0x65, 0x6E, 0x74, 0x3A, 0x20, 0x73, 0x70, 0x61, 0x63, 0x65, 0x2D, 0x62, 0x65, 
0x74, 0x77, 0x65, 0x65, 0x6E, 0x3B, 0x0D, 0x0A, 0x20, 0x20, 0x20, 0x20, 0x20, 0x20, 0x20, 0x20, 
0x20, 0x20, 0x20, 0x20, 0x61, 0x6C, 0x69, 0x67, 0x6E, 0x2D, 0x69, 0x74, 0x65, 0x6D, 0x73, 0x3A, 
0x20, 0x63, 0x65, 0x6E, 0x74, 0x65, 0x72, 0x3B, 0x0D, 0x0A, 0x20, 0x20, 0x20, 0x20, 0x20, 0x20, 
0x20, 0x20, 0x20, 0x20, 0x20, 0x20, 0x62, 0x6F, 0x72, 0x64, 0x65, 0x72, 0x2D, 0x72, 0x61, 0x64, 
0x69, 0x75, 0x73, 0x3A, 0x20, 0x38, 0x70, 0x78, 0x3B, 0x0D, 0x0A, 0x20, 0x20, 0x20, 0x20, 0x20, 
0x20, 0x20, 0x20, 0x20, 0x20, 0x20, 0x20, 0x62, 0x6F, 0x78, 0x2D, 0x73, 0x68, 0x61, 0x64, 0x6F, 
0x77, 0x3A, 0x20, 0x30, 0x20, 0x32, 0x70, 0x78, 0x20, 0x34, 0x70, 0x78, 0x20, 0x72, 0x67, 0x62, 
0x61, 0x28, 0x30, 0x2C, 0x20, 0x30, 0x2C, 0x20, 0x30, 0x2C, 0x20, 0x30, 0x2E, 0x31, 0x29, 0x3B, 
0x0D, 0x0A, 0x20, 0x20, 0x20, 0x20, 0x20, 0x20, 0x20, 0x20, 0x7D, 0x0D, 0x0A, 0x0D, 0x0A, 0x20, 
0x20, 0x20, 0x20, 0x20, 0x20, 0x20, 0x20, 0x68, 0x31, 0x20, 0x7B, 0x0D, 0x0A, 0x20, 0x20, 0x20, 
0x20, 0x20, 0x20, 0x20, 0x20, 0x20, 0x20, 0x20, 0x20, 0x6D, 0x61, 0x72, 0x67, 0x69, 0x6E, 0x3A, 
0x20, 0x30, 0x3B, 0x0D, 0x0A, 0x20, 0x20, 0x20, 0x20, 0x20, 0x20, 0x20, 0x20, 0x20, 0x20, 0x20, 
0x20, 0x66, 0x6F, 0x6E, 0x74, 0x2D, 0x73, 0x69, 0x7A, 0x65, 0x3A, 0x20, 0x32, 0x30, 0x70, 0x78, 
0x3B, 0x0D, 0x0A, 0x20, 0x20, 0x20, 0x20, 0x20, 0x20, 0x20, 0x20, 0x7D, 0x0D, 0x0A, 0x0D, 0x0A, 
0x20, 0x20, 0x20, 0x20, 0x20, 0x20, 0x20, 0x20, 0x2E, 0x6D, 0x65, 0x6E, 0x75, 0x2D, 0x62, 0x61, 
0x72, 0x20, 0x62, 0x75, 0x74, 0x74, 0x6F, 0x6E, 0x20, 0x7B, 0x0D, 0x0A, 0x20, 0x20, 0x20, 0x20, 
0x20, 0x20, 0x20, 0x20, 0x20, 0x20, 0x20, 0x20, 0x70, 0x61, 0x64, 0x64, 0x69, 0x6E, 0x67, 0x3A, 
0x20, 0x31, 0x30, 0x70, 0x78, 0x20, 0x31, 0x35, 0x70, 0x78, 0x3B, 0x0D, 0x0A, 0x20, 0x20, 0x20, 
0x20, 0x20, 0x20, 0x20, 0x20, 0x20, 0x20, 0x20, 0x20, 0x62, 0x61, 0x63, 0x6B, 0x67, 0x72, 0x6F, 
0x75, 0x6E, 0x64, 0x2D, 0x63, 0x6F, 0x6C, 0x6F, 0x72, 0x3A, 0x20, 0x23, 0x66, 0x66, 0x66, 0x3B, 
0x0D, 0x0A, 0x20, 0x20, 0x20, 0x20, 0x20, 0x20, 0x20, 0x20, 0x20, 0x20, 0x20, 0x20, 0x63, 0x6F, 
0x6C, 0x6F, 0x72, 0x3A, 0x20, 0x23, 0x30, 0x30, 0x37, 0x61, 0x63, 0x63, 0x3B, 0x0D, 0x0A, 0x20, 
0x20, 0x20, 0x20, 0x20, 0x20, 0x20, 0x20, 0x20, 0x20, 0x20, 0x20, 0x62, 0x6F, 0x72, 0x64, 0x65, 
0x72, 0x3A, 0x20, 0x6E, 0x6F, 0x6E, 0x65, 0x3B, 0x0D, 0x0A, 0x20, 0x20, 0x20, 0x20, 0x20, 0x20, 
0x20, 0x20, 0x20, 0x20, 0x20, 0x20, 0x62, 0x6F, 0x72, 0x64, 0x65, 0x72, 0x2D, 0x72, 0x61, 0x64, 
0x69, 0x75, 0x73, 0x3A, 0x20, 0x35, 0x70, 0x78, 0x3B, 0x0D, 0x0A, 0x20, 0x20, 0x20, 0x20, 0x20, 
0x20, 0x20, 0x20, 0x20, 0x20, 0x20, 0x20, 0x66, 0x6F, 0x6E, 0x74, 0x2D, 0x73, 0x69, 0x7A, 0x65, 
0x3A, 0x20, 0x31, 0x34, 0x70, 0x78, 0x3B, 0x0D, 0x0A, 0x20, 0x20, 0x20, 0x20, 0x20, 0x20, 0x20, 
0x20, 0x20, 0x20, 0x20, 0x20, 0x63, 0x75, 0x72, 0x73, 0x6F, 0x72, 0x3A, 0x20, 0x70, 0x6F, 0x69, 
0x6E, 0x74, 0x65, 0x72, 0x3B, 0x0D, 0x0A, 0x20, 0x20, 0x20, 0x20, 0x20, 0x20, 0x20, 0x20, 0x20, 
0x20, 0x20, 0x20, 0x74, 0x72, 0x61, 0x6E, 0x73, 0x69, 0x74, 0x69, 0x6F, 0x6E, 0x3A, 0x20, 0x62, 
0x61, 0x63, 0x6B, 0x67, 0x72, 0x6F, 0x75, 0x6E, 0x64, 0x2D, 0x63, 0x6F, 0x6C, 0x6F, 0x72, 0x20, 
0x30, 0x2E, 0x33, 0x73, 0x20, 0x65, 0x61, 0x73, 0x65, 0x3B, 0x0D, 0x0A, 0x20, 0x20, 0x20, 0x20, 
0x20, 0x20, 0x20, 0x20, 0x7D, 0x0D, 0x0A, 0x0D, 0x0A, 0x20, 0x20, 0x20, 0x20, 0x20, 0x20, 0x20, 
0x20, 0x2E, 0x6D, 0x65, 0x6E, 0x75, 0x2D, 0x62, 0x61, 0x72, 0x20, 0x62, 0x75, 0x74, 0x74, 0x6F, 
0x6E, 0x3A, 0x68, 0x6F, 0x76, 0x65, 0x72, 0x20, 0x7B, 0x0D, 0x0A, 0x20, 0x20, 0x20, 0x20, 0x20, 
0x20, 0x20, 0x20, 0x20, 0x20, 0x20, 0x20, 0x62, 0x61, 0x63, 0x6B, 0x67, 0x72, 0x6F, 0x75, 0x6E, 
0x64, 0x2D, 0x63, 0x6F, 0x6C, 0x6F, 0x72, 0x3A, 0x20, 0x23, 0x65, 0x30, 0x65, 0x30, 0x65, 0x30, 
0x3B, 0x0D, 0x0A, 0x20, 0x20, 0x20, 0x20, 0x20, 0x20, 0x20, 0x20, 0x7D, 0x0D, 0x0A, 0x0D, 0x0A, 
0x20, 0x20, 0x20, 0x20, 0x20, 0x20, 0x20, 0x20, 0x2F, 0x2A, 0x20, 0x43, 0x6F, 0x6E, 0x74, 0x61, 
0x69, 0x6E, 0x65, 0x72, 0x20, 0x53, 0x74, 0x79, 0x6C, 0x69, 0x6E, 0x67, 0x20, 0x2A, 0x2F, 0x0D, 
0x0A, 0x20, 0x20, 0x20, 0x20, 0x20, 0x20, 0x20, 0x20, 0x2E, 0x63, 0x6F, 0x6E, 0x74, 0x61, 0x69, 
0x6E, 0x65, 0x72, 0x20, 0x7B, 0x0D, 0x0A, 0x20, 0x20, 0x20, 0x20, 0x20, 0x20, 0x20, 0x20, 0x20, 
0x20, 0x20, 0x20, 0x66, 0x6C, 0x65, 0x78, 0x2D, 0x67, 0x72, 0x6F, 0x77, 0x3A, 0x20, 0x31, 0x3B, 
0x0D, 0x0A, 0x20, 0x20, 0x20, 0x20, 0x20, 0x20, 0x20, 0x20, 0x20, 0x20, 0x20, 0x20, 0x70, 0x61, 
0x64, 0x64, 0x69, 0x6E, 0x67, 0x3A, 0x20, 0x2E, 0x31, 0x76, 0x68, 0x3B, 0x0D, 0x0A, 0x20, 0x20, 
0x20, 0x20, 0x20, 0x20, 0x20, 0x20, 0x20, 0x20, 0x20, 0x20, 0x6D, 0x61, 0x78, 0x2D, 0x77, 0x69, 
0x64, 0x74, 0x68, 0x3A, 0x20, 0x39, 0x38, 0x25, 0x3B, 0x0D, 0x0A, 0x20, 0x20, 0x20, 0x20, 0x20, 
0x20, 0x20, 0x20, 0x20, 0x20, 0x20, 0x20, 0x6D, 0x61, 0x72, 0x67, 0x69, 0x6E, 0x3A, 0x20, 0x30, 
0x20, 0x61, 0x75, 0x74, 0x6F, 0x3B, 0x0D, 0x0A, 0x20, 0x20, 0x20, 0x20, 0x20, 0x20, 0x20, 0x20, 
0x20, 0x20, 0x20, 0x20, 0x6F, 0x76, 0x65, 0x72, 0x66, 0x6C, 0x6F, 0x77, 0x2D, 0x79, 0x3A, 0x20, 
0x61, 0x75, 0x74, 0x6F, 0x3B, 0x20, 0x2F, 0x2A, 0x20, 0x45, 0x6E, 0x61, 0x62, 0x6C, 0x65, 0x73, 
0x20, 0x73, 0x63, 0x72, 0x6F, 0x6C, 0x6C, 0x69, 0x6E, 0x67, 0x20, 0x66, 0x6F, 0x72, 0x20, 0x6C, 
0x61, 0x72, 0x67, 0x65, 0x20, 0x63, 0x6F, 0x6E, 0x74, 0x65, 0x6E, 0x74, 0x20, 0x2A, 0x2F, 0x0D, 
0x0A, 0x20, 0x20, 0x20, 0x20, 0x20, 0x20, 0x20, 0x20, 0x7D, 0x0D, 0x0A, 0x0D, 0x0A, 0x20, 0x20, 
0x20, 0x20, 0x20, 0x20, 0x20, 0x20, 0x2F, 0x2A, 0x20, 0x42, 0x61, 0x63, 0x6B, 0x20, 0x42, 0x75, 
0x74, 0x74, 0x6F, 0x6E, 0x20, 0x2A, 0x2F, 0x0D, 0x0A, 0x20, 0x20, 0x20, 0x20, 0x20, 0x20, 0x20, 
0x20, 0x23, 0x62, 0x61, 0x63, 0x6B, 0x2D, 0x62, 0x75, 0x74, 0x74, 0x6F, 0x6E, 0x20, 0x7B, 0x0D, 
0x0A, 0x20, 0x20, 0x20, 0x20, 0x20, 0x20, 0x20, 0x20, 0x20, 0x20, 0x20, 0x20, 0x64, 0x69, 0x73, 
0x70, 0x6C, 0x61, 0x79, 0x3A, 0x20, 0x6E, 0x6F, 0x6E, 0x65, 0x3B, 0x0D, 0x0A, 0x20, 0x20, 0x20, 
0x20, 0x20, 0x20, 0x20, 0x20, 0x20, 0x20, 0x20, 0x20, 0x70, 0x61, 0x64, 0x64, 0x69, 0x6E, 0x67, 
0x3A, 0x20, 0x31, 0x30, 0x70, 0x78, 0x20, 0x31, 0x35, 0x70, 0x78, 0x3B, 0x0D, 0x0A, 0x20, 0x20, 
0x20, 0x20, 0x20, 0x20, 0x20, 0x20, 0x20, 0x20, 0x20, 0x20, 0x62, 0x61, 0x63, 0x6B, 0x67, 0x72, 
0x6F, 0x75, 0x6E, 0x64, 0x2D, 0x63, 0x6F, 0x6C, 0x6F, 0x72, 0x3A, 0x20, 0x23, 0x30, 0x30, 0x37, 
0x61, 0x63, 0x63, 0x3B, 0x0D, 0x0A, 0x20, 0x20, 0x20, 0x20, 0x20, 0x20, 0x20, 0x20, 0x20, 0x20, 
0x20, 0x20, 0x63, 0x6F, 0x6C, 0x6F, 0x72, 0x3A, 0x20, 0x23, 0x66, 0x66, 0x66, 0x3B, 0x0D, 0x0A, 
0x20, 0x20, 0x20, 0x20, 0x20, 0x20, 0x20, 0x20, 0x20, 0x20, 0x20, 0x20, 0x62, 0x6F, 0x72, 0x64, 
0x65, 0x72, 0x3A, 0x20, 0x6E, 0x6F, 0x6E, 0x65, 0x3B, 0x0D, 0x0A, 0x20, 0x20, 0x20, 0x20, 0x20, 
0x20, 0x20, 0x20, 0x20, 0x20, 0x20, 0x20, 0x62, 0x6F, 0x72, 0x64, 0x65, 0x72, 0x2D, 0x72, 0x61, 
0x64, 0x69, 0x75, 0x73, 0x3A, 0x20, 0x35, 0x70, 0x78, 0x3B, 0x0D, 0x0A, 0x20, 0x20, 0x20, 0x20, 
0x20, 0x20, 0x20, 0x20, 0x20, 0x20, 0x20, 0x20, 0x63, 0x75, 0x72, 0x73, 0x6F, 0x72, 0x3A, 0x20, 
0x70, 0x6F, 0x69, 0x6E, 0x74, 0x65, 0x72, 0x3B, 0x0D, 0x0A, 0x20, 0x20, 0x20, 0x20, 0x20, 0x20, 
0x20, 0x20, 0x20, 0x20, 0x20, 0x20, 0x6D, 0x61, 0x72, 0x67, 0x69, 0x6E, 0x2D, 0x62, 0x6F, 0x74, 
0x74, 0x6F, 0x6D, 0x3A, 0x20, 0x32, 0x30, 0x70, 0x78, 0x3B, 0x0D, 0x0A, 0x20, 0x20, 0x20, 0x20, 
0x20, 0x20, 0x20, 0x20, 0x7D, 0x0D, 0x0A, 0x0D, 0x0A, 0x20, 0x20, 0x20, 0x20, 0x20, 0x20, 0x20, 
0x20, 0x23, 0x62, 0x61, 0x63, 0x6B, 0x2D, 0x62, 0x75, 0x74, 0x74, 0x6F, 0x6E, 0x3A, 0x68, 0x6F, 
0x76, 0x65, 0x72, 0x20, 0x7B, 0x0D, 0x0A, 0x20, 0x20, 0x20, 0x20, 0x20, 0x20, 0x20, 0x20, 0x20, 
0x20, 0x20, 0x20, 0x62, 0x61, 0x63, 0x6B, 0x67, 0x72, 0x6F, 0x75, 0x6E, 0x64, 0x2D, 0x63, 0x6F, 
0x6C, 0x6F, 0x72, 0x3A, 0x20, 0x23, 0x30, 0x30, 0x35, 0x66, 0x39, 0x39, 0x3B, 0x0D, 0x0A, 0x20, 
0x20, 0x20, 0x20, 0x20, 0x20, 0x20, 0x20, 0x7D, 0x0D, 0x0A, 0x0D, 0x0A, 0x20, 0x20, 0x20, 0x20, 
0x20, 0x20, 0x20, 0x20, 0x2F, 0x2A, 0x20, 0x46, 0x69, 0x6C, 0x65, 0x20, 0x4D, 0x61, 0x6E, 0x61, 
0x67, 0x65, 0x72, 0x20, 0x53, 0x74, 0x79, 0x6C, 0x69, 0x6E, 0x67, 0x20, 0x2A, 0x2F, 0x0D, 0x0A, 
0x20, 0x20, 0x20, 0x20, 0x20, 0x20, 0x20, 0x20, 0x23, 0x66, 0x69, 0x6C, 0x65, 0x2D, 0x6D, 0x61, 
0x6E, 0x61, 0x67, 0x65, 0x72, 0x20, 0x7B, 0x0D, 0x0A, 0x20, 0x20, 0x20, 0x20, 0x64, 0x69, 0x73, 
0x70, 0x6C, 0x61, 0x79, 0x3A, 0x20, 0x67, 0x72, 0x69, 0x64, 0x3B, 0x0D, 0x0A, 0x20, 0x20, 0x20, 
0x20, 0x67, 0x72, 0x69, 0x64, 0x2D, 0x74, 0x65, 0x6D, 0x70, 0x6C, 0x61, 0x74, 0x65, 0x2D, 0x63, 
0x6F, 0x6C, 0x75, 0x6D, 0x6E, 0x73, 0x3A, 0x20, 0x72, 0x65, 0x70, 0x65, 0x61, 0x74, 0x28, 0x61, 
0x75, 0x74, 0x6F, 0x2D, 0x66, 0x69, 0x74, 0x2C, 0x20, 0x6D, 0x69, 0x6E, 0x6D, 0x61, 0x78, 0x28, 
0x31, 0x35, 0x30, 0x70, 0x78, 0x2C, 0x20, 0x31, 0x66, 0x72, 0x29, 0x29, 0x3B, 0x20, 0x2F, 0x2A, 
0x20, 0x44, 0x65, 0x66, 0x61, 0x75, 0x6C, 0x74, 0x20, 0x6C, 0x61, 0x79, 0x6F, 0x75, 0x74, 0x20, 
0x2A, 0x2F, 0x0D, 0x0A, 0x20, 0x20, 0x20, 0x20, 0x67, 0x61, 0x70, 0x3A, 0x20, 0x32, 0x30, 0x70, 
0x78, 0x3B, 0x0D, 0x0A, 0x20, 0x20, 0x20, 0x20, 0x6D, 0x61, 0x72, 0x67, 0x69, 0x6E, 0x2D, 0x74, 
0x6F, 0x70, 0x3A, 0x20, 0x32, 0x30, 0x70, 0x78, 0x3B, 0x0D, 0x0A, 0x7D, 0x0D, 0x0A, 0x0D, 0x0A, 
0x40, 0x6D, 0x65, 0x64, 0x69, 0x61, 0x20, 0x28, 0x6D, 0x61, 0x78, 0x2D, 0x77, 0x69, 0x64, 0x74, 
0x68, 0x3A, 0x20, 0x37, 0x36, 0x38, 0x70, 0x78, 0x29, 0x20, 0x7B, 0x0D, 0x0A, 0x20, 0x20, 0x20, 
0x20, 0x23, 0x66, 0x69, 0x6C, 0x65, 0x2D, 0x6D, 0x61, 0x6E, 0x61, 0x67, 0x65, 0x72, 0x20, 0x7B, 
0x0D, 0x0A, 0x20, 0x20, 0x20, 0x20, 0x20, 0x20, 0x20, 0x20, 0x67, 0x72, 0x69, 0x64, 0x2D, 0x74, 
0x65, 0x6D, 0x70, 0x6C, 0x61, 0x74, 0x65, 0x2D, 0x63, 0x6F, 0x6C, 0x75, 0x6D, 0x6E, 0x73, 0x3A, 
0x20, 0x72, 0x65, 0x70, 0x65, 0x61, 0x74, 0x28, 0x61, 0x75, 0x74, 0x6F, 0x2D, 0x66, 0x69, 0x74, 
0x2C, 0x20, 0x6D, 0x69, 0x6E, 0x6D, 0x61, 0x78, 0x28, 0x31, 0x35, 0x30, 0x70, 0x78, 0x2C, 0x20, 
0x31, 0x66, 0x72, 0x29, 0x29, 0x3B, 0x20, 0x2F, 0x2A, 0x20, 0x41, 0x64, 0x6A, 0x75, 0x73, 0x74, 
0x20, 0x6C, 0x61, 0x79, 0x6F, 0x75, 0x74, 0x20, 0x66, 0x6F, 0x72, 0x20, 0x73, 0x6D, 0x61, 0x6C, 
0x6C, 0x65, 0x72, 0x20, 0x73, 0x63, 0x72, 0x65, 0x65, 0x6E, 0x73, 0x20, 0x2A, 0x2F, 0x0D, 0x0A, 
0x20, 0x20, 0x20, 0x20, 0x20, 0x20, 0x20, 0x20, 0x67, 0x61, 0x70, 0x3A, 0x20, 0x35, 0x70, 0x78, 
0x3B, 0x0D, 0x0A, 0x20, 0x20, 0x20, 0x20, 0x7D, 0x0D, 0x0A, 0x7D, 0x0D, 0x0A, 0x0D, 0x0A, 0x40, 
0x6D, 0x65, 0x64, 0x69, 0x61, 0x20, 0x28, 0x6D, 0x69, 0x6E, 0x2D, 0x77, 0x69, 0x64, 0x74, 0x68, 
0x3A, 0x20, 0x31, 0x32, 0x30, 0x30, 0x70, 0x78, 0x29, 0x20, 0x7B, 0x0D, 0x0A, 0x20, 0x20, 0x20, 
0x20, 0x23, 0x66, 0x69, 0x6C, 0x65, 0x2D, 0x6D, 0x61, 0x6E, 0x61, 0x67, 0x65, 0x72, 0x20, 0x7B, 
0x0D, 0x0A, 0x20, 0x20, 0x20, 0x20, 0x20, 0x20, 0x20, 0x20, 0x67, 0x72, 0x69, 0x64, 0x2D, 0x74, 
0x65, 0x6D, 0x70, 0x6C, 0x61, 0x74, 0x65, 0x2D, 0x63, 0x6F, 0x6C, 0x75, 0x6D, 0x6E, 0x73, 0x3A, 
0x20, 0x72, 0x65, 0x70, 0x65, 0x61, 0x74, 0x28, 0x36, 0x2C, 0x20, 0x31, 0x66, 0x72, 0x29, 0x3B, 
0x20, 0x2F, 0x2A, 0x20, 0x36, 0x20, 0x63, 0x61, 0x72, 0x64, 0x73, 0x20, 0x66, 0x6F, 0x72, 0x20, 
0x6C, 0x61, 0x72, 0x67, 0x65, 0x72, 0x20, 0x73, 0x63, 0x72, 0x65, 0x65, 0x6E, 0x73, 0x20, 0x2A, 
0x2F, 0x0D, 0x0A, 0x20, 0x20, 0x20, 0x20, 0x20, 0x20, 0x20, 0x20, 0x2F, 0x2A, 0x67, 0x72, 0x69, 
0x64, 0x2D, 0x74, 0x65, 0x6D, 0x70, 0x6C, 0x61, 0x74, 0x65, 0x2D, 0x63, 0x6F, 0x6C, 0x75, 0x6D, 
0x6E, 0x73, 0x3A, 0x20, 0x72, 0x65, 0x70, 0x65, 0x61, 0x74, 0x28, 0x61, 0x75, 0x74, 0x6F, 0x2D, 
0x66, 0x69, 0x74, 0x2C, 0x20, 0x6D, 0x69, 0x6E, 0x6D, 0x61, 0x78, 0x28, 0x31, 0x35, 0x30, 0x70, 
0x78, 0x2C, 0x20, 0x31, 0x66, 0x72, 0x29, 0x29, 0x3B, 0x2A, 0x2F, 0x0D, 0x0A, 0x20, 0x20, 0x20, 
0x20, 0x20, 0x20, 0x20, 0x20, 0x67, 0x61, 0x70, 0x3A, 0x20, 0x33, 0x30, 0x70, 0x78, 0x3B, 0x0D, 
0x0A, 0x20, 0x20, 0x20, 0x20, 0x20, 0x20, 0x20, 0x20, 0x6D, 0x61, 0x72, 0x67, 0x69, 0x6E, 0x2D, 
0x74, 0x6F, 0x70, 0x3A, 0x20, 0x32, 0x30, 0x70, 0x78, 0x3B, 0x0D, 0x0A, 0x20, 0x20, 0x20, 0x20, 
0x7D, 0x0D, 0x0A, 0x7D, 0x0D, 0x0A, 0x0D, 0x0A, 0x20, 0x20, 0x20, 0x20, 0x20, 0x20, 0x20, 0x20, 
0x2F, 0x2A, 0x20, 0x43, 0x61, 0x72, 0x64, 0x20, 0x53, 0x74, 0x79, 0x6C, 0x65, 0x20, 0x66, 0x6F, 
0x72, 0x20, 0x49, 0x74, 0x65, 0x6D, 0x73, 0x20, 0x2A, 0x2F, 0x0D, 0x0A, 0x20, 0x20, 0x20, 0x20, 
0x20, 0x20, 0x20, 0x20, 0x2E, 0x69, 0x74, 0x65, 0x6D, 0x20, 0x7B, 0x0D, 0x0A, 0x20, 0x20, 0x20, 
0x20, 0x20, 0x20, 0x20, 0x20, 0x20, 0x20, 0x20, 0x20, 0x64, 0x69, 0x73, 0x70, 0x6C, 0x61, 0x79, 
0x3A, 0x20, 0x66, 0x6C, 0x65, 0x78, 0x3B, 0x0D, 0x0A, 0x20, 0x20, 0x20, 0x20, 0x20, 0x20, 0x20, 
0x20, 0x20, 0x20, 0x20, 0x20, 0x66, 0x6C, 0x65, 0x78, 0x2D, 0x64, 0x69, 0x72, 0x65, 0x63, 0x74, 
0x69, 0x6F, 0x6E, 0x3A, 0x20, 0x63, 0x6F, 0x6C, 0x75, 0x6D, 0x6E, 0x3B, 0x0D, 0x0A, 0x20, 0x20, 
0x20, 0x20, 0x20, 0x20, 0x20, 0x20, 0x20, 0x20, 0x20, 0x20, 0x61, 0x6C, 0x69, 0x67, 0x6E, 0x2D, 
0x69, 0x74, 0x65, 0x6D, 0x73, 0x3A, 0x20, 0x63, 0x65, 0x6E, 0x74, 0x65, 0x72, 0x3B, 0x0D, 0x0A, 
0x20, 0x20, 0x20, 0x20, 0x20, 0x20, 0x20, 0x20, 0x20, 0x20, 0x20, 0x20, 0x6A, 0x75, 0x73, 0x74, 
0x69, 0x66, 0x79, 0x2D, 0x63, 0x6F, 0x6E, 0x74, 0x65, 0x6E, 0x74, 0x3A, 0x20, 0x73, 0x70, 0x61, 
0x63, 0x65, 0x2D, 0x62, 0x65, 0x74, 0x77, 0x65, 0x65, 0x6E, 0x3B, 0x0D, 0x0A, 0x20, 0x20, 0x20, 
0x20, 0x20, 0x20, 0x20, 0x20, 0x20, 0x20, 0x20, 0x20, 0x70, 0x61, 0x64, 0x64, 0x69, 0x6E, 0x67, 
0x3A, 0x20, 0x31, 0x35, 0x70, 0x78, 0x3B, 0x0D, 0x0A, 0x20, 0x20, 0x20, 0x20, 0x20, 0x20, 0x20, 
0x20, 0x20, 0x20, 0x20, 0x20, 0x62, 0x61, 0x63, 0x6B, 0x67, 0x72, 0x6F, 0x75, 0x6E, 0x64, 0x2D, 
0x63, 0x6F, 0x6C, 0x6F, 0x72, 0x3A, 0x20, 0x23, 0x66, 0x66, 0x66, 0x3B, 0x0D, 0x0A, 0x20, 0x20, 
0x20, 0x20, 0x20, 0x20, 0x20, 0x20, 0x20, 0x20, 0x20, 0x20, 0x62, 0x6F, 0x72, 0x64, 0x65, 0x72, 
0x2D, 0x72, 0x61, 0x64, 0x69, 0x75, 0x73, 0x3A, 0x20, 0x38, 0x70, 0x78, 0x3B, 0x0D, 0x0A, 0x20, 
0x20, 0x20, 0x20, 0x20, 0x20, 0x20, 0x20, 0x20, 0x20, 0x20, 0x20, 0x62, 0x6F, 0x78, 0x2D, 0x73, 
0x68, 0x61, 0x64, 0x6F, 0x77, 0x3A, 0x20, 0x30, 0x20, 0x34, 0x70, 0x78, 0x20, 0x36, 0x70, 0x78, 
0x20, 0x72, 0x67, 0x62, 0x61, 0x28, 0x30, 0x2C, 0x20, 0x30, 0x2C, 0x20, 0x30, 0x2C, 0x20, 0x30, 
0x2E, 0x31, 0x29, 0x3B, 0x0D, 0x0A, 0x20, 0x20, 0x20, 0x20, 0x20, 0x20, 0x20, 0x20, 0x20, 0x20, 
0x20, 0x20, 0x74, 0x72, 0x61, 0x6E, 0x73, 0x69, 0x74, 0x69, 0x6F, 0x6E, 0x3A, 0x20, 0x74, 0x72, 
0x61, 0x6E, 0x73, 0x66, 0x6F, 0x72, 0x6D, 0x20, 0x30, 0x2E, 0x32, 0x73, 0x20, 0x65, 0x61, 0x73, 
0x65, 0x2C, 0x20, 0x62, 0x6F, 0x78, 0x2D, 0x73, 0x68, 0x61, 0x64, 0x6F, 0x77, 0x20, 0x30, 0x2E, 
0x32, 0x73, 0x20, 0x65, 0x61, 0x73, 0x65, 0x3B, 0x0D, 0x0A, 0x20, 0x20, 0x20, 0x20, 0x20, 0x20, 
0x20, 0x20, 0x7D, 0x0D, 0x0A, 0x0D, 0x0A, 0x20, 0x20, 0x20, 0x20, 0x20, 0x20, 0x20, 0x20, 0x2E, 
0x69, 0x74, 0x65, 0x6D, 0x3A, 0x68, 0x6F, 0x76, 0x65, 0x72, 0x20, 0x7B, 0x0D, 0x0A, 0x20, 0x20, 
0x20, 0x20, 0x20, 0x20, 0x20, 0x20, 0x20, 0x20, 0x20, 0x20, 0x74, 0x72, 0x61, 0x6E, 0x73, 0x66, 
0x6F, 0x72, 0x6D, 0x3A, 0x20, 0x74, 0x72, 0x61, 0x6E, 0x73, 0x6C, 0x61, 0x74, 0x65, 0x59, 0x28, 
0x2D, 0x35, 0x70, 0x78, 0x29, 0x3B, 0x0D, 0x0A, 0x20, 0x20, 0x20, 0x20, 0x20, 0x20, 0x20, 0x20, 
0x20, 0x20, 0x20, 0x20, 0x62, 0x6F, 0x78, 0x2D, 0x73, 0x68, 0x61, 0x64, 0x6F, 0x77, 0x3A, 0x20, 
0x30, 0x20, 0x38, 0x70, 0x78, 0x20, 0x31, 0x32, 0x70, 0x78, 0x20, 0x72, 0x67, 0x62, 0x61, 0x28, 
0x30, 0x2C, 0x20, 0x30, 0x2C, 0x20, 0x30, 0x2C, 0x20, 0x30, 0x2E, 0x31, 0x35, 0x29, 0x3B, 0x0D, 
0x0A, 0x20, 0x20, 0x20, 0x20, 0x20, 0x20, 0x20, 0x20, 0x7D, 0x0D, 0x0A, 0x0D, 0x0A, 0x20, 0x20, 
0x20, 0x20, 0x20, 0x20, 0x20, 0x20, 0x2E, 0x69, 0x63, 0x6F, 0x6E, 0x20, 0x7B, 0x0D, 0x0A, 0x20, 
0x20, 0x20, 0x20, 0x20, 0x20, 0x20, 0x20, 0x20, 0x20, 0x20, 0x20, 0x66, 0x6F, 0x6E, 0x74, 0x2D, 
0x73, 0x69, 0x7A, 0x65, 0x3A, 0x20, 0x34, 0x30, 0x70, 0x78, 0x3B, 0x0D, 0x0A, 0x20, 0x20, 0x20, 
0x20, 0x20, 0x20, 0x20, 0x20, 0x20, 0x20, 0x20, 0x20, 0x6D, 0x61, 0x72, 0x67, 0x69, 0x6E, 0x2D, 
0x62, 0x6F, 0x74, 0x74, 0x6F, 0x6D, 0x3A, 0x20, 0x31, 0x30, 0x70, 0x78, 0x3B, 0x0D, 0x0A, 0x20, 
0x20, 0x20, 0x20, 0x20, 0x20, 0x20, 0x20, 0x20, 0x20, 0x20, 0x20, 0x63, 0x6F, 0x6C, 0x6F, 0x72, 
0x3A, 0x20, 0x23, 0x30, 0x30, 0x37, 0x61, 0x63, 0x63, 0x3B, 0x0D, 0x0A, 0x20, 0x20, 0x20, 0x20, 
0x20, 0x20, 0x20, 0x20, 0x7D, 0x0D, 0x0A, 0x0D, 0x0A, 0x20, 0x20, 0x20, 0x20, 0x20, 0x20, 0x20, 
0x20, 0x2E, 0x6E, 0x61, 0x6D, 0x65, 0x20, 0x7B, 0x0D, 0x0A, 0x20, 0x20, 0x20, 0x20, 0x20, 0x20, 
0x20, 0x20, 0x20, 0x20, 0x20, 0x20, 0x74, 0x65, 0x78, 0x74, 0x2D, 0x61, 0x6C, 0x69, 0x67, 0x6E, 
0x3A, 0x20, 0x63, 0x65, 0x6E, 0x74, 0x65, 0x72, 0x3B, 0x0D, 0x0A, 0x20, 0x20, 0x20, 0x20, 0x20, 
0x20, 0x20, 0x20, 0x20, 0x20, 0x20, 0x20, 0x66, 0x6F, 0x6E, 0x74, 0x2D, 0x73, 0x69, 0x7A, 0x65, 
0x3A, 0x20, 0x31, 0x34, 0x70, 0x78, 0x3B, 0x0D, 0x0A, 0x20, 0x20, 0x20, 0x20, 0x20, 0x20, 0x20, 
0x20, 0x20, 0x20, 0x20, 0x20, 0x6D, 0x61, 0x72, 0x67, 0x69, 0x6E, 0x2D, 0x62, 0x6F, 0x74, 0x74, 
0x6F, 0x6D, 0x3A, 0x20, 0x31, 0x30, 0x70, 0x78, 0x3B, 0x0D, 0x0A, 0x20, 0x20, 0x20, 0x20, 0x20, 
0x20, 0x20, 0x20, 0x20, 0x20, 0x20, 0x20, 0x77, 0x6F, 0x72, 0x64, 0x2D, 0x62, 0x72, 0x65, 0x61, 
0x6B, 0x3A, 0x20, 0x62, 0x72, 0x65, 0x61, 0x6B, 0x2D, 0x77, 0x6F, 0x72, 0x64, 0x3B, 0x0D, 0x0A, 
0x20, 0x20, 0x20, 0x20, 0x20, 0x20, 0x20, 0x20, 0x7D, 0x0D, 0x0A, 0x0D, 0x0A, 0x20, 0x20, 0x20, 
0x20, 0x20, 0x20, 0x20, 0x20, 0x2E, 0x61, 0x63, 0x74, 0x69, 0x6F, 0x6E, 0x73, 0x20, 0x7B, 0x0D, 
0x0A, 0x20, 0x20, 0x20, 0x20, 0x20, 0x20, 0x20, 0x20, 0x20, 0x20, 0x20, 0x20, 0x64, 0x69, 0x73, 
0x70, 0x6C, 0x61, 0x79, 0x3A, 0x20, 0x66, 0x6C, 0x65, 0x78, 0x3B, 0x0D, 0x0A, 0x20, 0x20, 0x20, 
0x20, 0x20, 0x20, 0x20, 0x20, 0x20, 0x20, 0x20, 0x20, 0x67, 0x61, 0x70, 0x3A, 0x20, 0x35, 0x25, 
0x3B, 0x0D, 0x0A, 0x20, 0x20, 0x20, 0x20, 0x20, 0x20, 0x20, 0x20, 0x20, 0x20, 0x20, 0x20, 0x77, 
0x69, 0x64, 0x74, 0x68, 0x3A, 0x20, 0x31, 0x30, 0x30, 0x25, 0x3B, 0x20, 0x2F, 0x2A, 0x20, 0x41, 
0x64, 0x64, 0x20, 0x70, 0x61, 0x64, 0x64, 0x69, 0x6E, 0x67, 0x20, 0x69, 0x6E, 0x73, 0x69, 0x64, 
0x65, 0x20, 0x74, 0x68, 0x65, 0x20, 0x61, 0x63, 0x74, 0x69, 0x6F, 0x6E, 0x73, 0x20, 0x63, 0x6F, 
0x6E, 0x74, 0x61, 0x69, 0x6E, 0x65, 0x72, 0x20, 0x2A, 0x2F, 0x0D, 0x0A, 0x20, 0x20, 0x20, 0x20, 
0x20, 0x20, 0x20, 0x20, 0x20, 0x20, 0x20, 0x20, 0x70, 0x61, 0x64, 0x64, 0x69, 0x6E, 0x67, 0x3A, 
0x20, 0x31, 0x30, 0x70, 0x78, 0x3B, 0x20, 0x2F, 0x2A, 0x20, 0x41, 0x64, 0x64, 0x20, 0x70, 0x61, 
0x64, 0x64, 0x69, 0x6E, 0x67, 0x20, 0x74, 0x6F, 0x20, 0x63, 0x72, 0x65, 0x61, 0x74, 0x65, 0x20, 
0x73, 0x70, 0x61, 0x63, 0x65, 0x20, 0x61, 0x72, 0x6F, 0x75, 0x6E, 0x64, 0x20, 0x62, 0x75, 0x74, 
0x74, 0x6F, 0x6E, 0x73, 0x20, 0x2A, 0x2F, 0x0D, 0x0A, 0x20, 0x20, 0x20, 0x20, 0x20, 0x20, 0x20, 
0x20, 0x20, 0x20, 0x20, 0x20, 0x6A, 0x75, 0x73, 0x74, 0x69, 0x66, 0x79, 0x2D, 0x63, 0x6F, 0x6E, 
0x74, 0x65, 0x6E, 0x74, 0x3A, 0x20, 0x63, 0x65, 0x6E, 0x74, 0x65, 0x72, 0x3B, 0x0D, 0x0A, 0x20, 
0x20, 0x20, 0x20, 0x20, 0x20, 0x20, 0x20, 0x7D, 0x0D, 0x0A, 0x0D, 0x0A, 0x20, 0x20, 0x20, 0x20, 
0x20, 0x20, 0x20, 0x20, 0x2E, 0x61, 0x63, 0x74, 0x69, 0x6F, 0x6E, 0x73, 0x20, 0x62, 0x75, 0x74, 
0x74, 0x6F, 0x6E, 0x20, 0x7B, 0x0D, 0x0A, 0x20, 0x20, 0x20, 0x20, 0x20, 0x20, 0x20, 0x20, 0x20, 
0x20, 0x20, 0x20, 0x70, 0x61, 0x64, 0x64, 0x69, 0x6E, 0x67, 0x3A, 0x20, 0x38, 0x70, 0x78, 0x20, 
0x31, 0x30, 0x70, 0x78, 0x3B, 0x0D, 0x0A, 0x20, 0x20, 0x20, 0x20, 0x20, 0x20, 0x20, 0x20, 0x20, 
0x20, 0x20, 0x20, 0x66, 0x6F, 0x6E, 0x74, 0x2D, 0x73, 0x69, 0x7A, 0x65, 0x3A, 0x20, 0x31, 0x32, 
0x70, 0x78, 0x3B, 0x0D, 0x0A, 0x20, 0x20, 0x20, 0x20, 0x20, 0x20, 0x20, 0x20, 0x20, 0x20, 0x20, 
0x20, 0x62, 0x61, 0x63, 0x6B, 0x67, 0x72, 0x6F, 0x75, 0x6E, 0x64, 0x2D, 0x63, 0x6F, 0x6C, 0x6F, 
0x72, 0x3A, 0x20, 0x23, 0x30, 0x30, 0x37, 0x61, 0x63, 0x63, 0x3B, 0x0D, 0x0A, 0x20, 0x20, 0x20, 
0x20, 0x20, 0x20, 0x20, 0x20, 0x20, 0x20, 0x20, 0x20, 0x63, 0x6F, 0x6C, 0x6F, 0x72, 0x3A, 0x20, 
0x23, 0x66, 0x66, 0x66, 0x3B, 0x0D, 0x0A, 0x20, 0x20, 0x20, 0x20, 0x20, 0x20, 0x20, 0x20, 0x20, 
0x20, 0x20, 0x20, 0x62, 0x6F, 0x72, 0x64, 0x65, 0x72, 0x3A, 0x20, 0x6E, 0x6F, 0x6E, 0x65, 0x3B, 
0x0D, 0x0A, 0x20, 0x20, 0x20, 0x20, 0x20, 0x20, 0x20, 0x20, 0x20, 0x20, 0x20, 0x20, 0x62, 0x6F, 
0x72, 0x64, 0x65, 0x72, 0x2D, 0x72, 0x61, 0x64, 0x69, 0x75, 0x73, 0x3A, 0x20, 0x35, 0x70, 0x78, 
0x3B, 0x0D, 0x0A, 0x20, 0x20, 0x20, 0x20, 0x20, 0x20, 0x20, 0x20, 0x20, 0x20, 0x20, 0x20, 0x63, 
0x75, 0x72, 0x73, 0x6F, 0x72, 0x3A, 0x20, 0x70, 0x6F, 0x69, 0x6E, 0x74, 0x65, 0x72, 0x3B, 0x0D, 
0x0A, 0x20, 0x20, 0x20, 0x20, 0x20, 0x20, 0x20, 0x20, 0x20, 0x20, 0x20, 0x20, 0x74, 0x72, 0x61, 
0x6E, 0x73, 0x69, 0x74, 0x69, 0x6F, 0x6E, 0x3A, 0x20, 0x62, 0x61, 0x63, 0x6B, 0x67, 0x72, 0x6F, 
0x75, 0x6E, 0x64, 0x2D, 0x63, 0x6F, 0x6C, 0x6F, 0x72, 0x20, 0x30, 0x2E, 0x33, 0x73, 0x20, 0x65, 
0x61, 0x73, 0x65, 0x3B, 0x0D, 0x0A, 0x20, 0x20, 0x20, 0x20, 0x20, 0x20, 0x20, 0x20, 0x7D, 0x0D, 
0x0A, 0x0D, 0x0A, 0x20, 0x20, 0x20, 0x20, 0x20, 0x20, 0x20, 0x20, 0x2E, 0x61, 0x63, 0x74, 0x69, 
0x6F, 0x6E, 0x73, 0x20, 0x62, 0x75, 0x74, 0x74, 0x6F, 0x6E, 0x3A, 0x68, 0x6F, 0x76, 0x65, 0x72, 
0x20, 0x7B, 0x0D, 0x0A, 0x20, 0x20, 0x20, 0x20, 0x20, 0x20, 0x20, 0x20, 0x20, 0x20, 0x20, 0x20, 
0x62, 0x61, 0x63, 0x6B, 0x67, 0x72, 0x6F, 0x75, 0x6E, 0x64, 0x2D, 0x63, 0x6F, 0x6C, 0x6F, 0x72, 
0x3A, 0x20, 0x23, 0x30, 0x30, 0x35, 0x66, 0x39, 0x39, 0x3B, 0x0D, 0x0A, 0x20, 0x20, 0x20, 0x20, 
0x20, 0x20, 0x20, 0x20, 0x7D, 0x0D, 0x0A, 0x0D, 0x0A, 0x20, 0x20, 0x20, 0x20, 0x20, 0x20, 0x20, 
0x20, 0x2F, 0x2A, 0x20, 0x4E, 0x6F, 0x20, 0x46, 0x69, 0x6C, 0x65, 0x73, 0x20, 0x4D, 0x65, 0x73, 
0x73, 0x61, 0x67, 0x65, 0x20, 0x2A, 0x2F, 0x0D, 0x0A, 0x20, 0x20, 0x20, 0x20, 0x20, 0x20, 0x20, 
0x20, 0x23, 0x6E, 0x6F, 0x2D, 0x66, 0x69, 0x6C, 0x65, 0x73, 0x2D, 0x6D, 0x65, 0x73, 0x73, 0x61, 
0x67, 0x65, 0x20, 0x7B, 0x0D, 0x0A, 0x20, 0x20, 0x20, 0x20, 0x20, 0x20, 0x20, 0x20, 0x20, 0x20, 
0x20, 0x20, 0x74, 0x65, 0x78, 0x74, 0x2D, 0x61, 0x6C, 0x69, 0x67, 0x6E, 0x3A, 0x20, 0x63, 0x65, 
0x6E, 0x74, 0x65, 0x72, 0x3B, 0x0D, 0x0A, 0x20, 0x20, 0x20, 0x20, 0x20, 0x20, 0x20, 0x20, 0x20, 
0x20, 0x20, 0x20, 0x63, 0x6F, 0x6C, 0x6F, 0x72, 0x3A, 0x20, 0x23, 0x36, 0x36, 0x36, 0x3B, 0x0D, 
0x0A, 0x20, 0x20, 0x20, 0x20, 0x20, 0x20, 0x20, 0x20, 0x20, 0x20, 0x20, 0x20, 0x66, 0x6F, 0x6E, 
0x74, 0x2D, 0x73, 0x69, 0x7A, 0x65, 0x3A, 0x20, 0x31, 0x38, 0x70, 0x78, 0x3B, 0x0D, 0x0A, 0x20, 
0x20, 0x20, 0x20, 0x20, 0x20, 0x20, 0x20, 0x20, 0x20, 0x20, 0x20, 0x70, 0x61, 0x64, 0x64, 0x69, 
0x6E, 0x67, 0x3A, 0x20, 0x32, 0x30, 0x70, 0x78, 0x3B, 0x0D, 0x0A, 0x20, 0x20, 0x20, 0x20, 0x20, 
0x20, 0x20, 0x20, 0x20, 0x20, 0x20, 0x20, 0x64, 0x69, 0x73, 0x70, 0x6C, 0x61, 0x79, 0x3A, 0x20, 
0x6E, 0x6F, 0x6E, 0x65, 0x3B, 0x0D, 0x0A, 0x20, 0x20, 0x20, 0x20, 0x20, 0x20, 0x20, 0x20, 0x7D, 
0x0D, 0x0A, 0x0D, 0x0A, 0x20, 0x20, 0x20, 0x20, 0x20, 0x20, 0x20, 0x20, 0x2F, 0x2A, 0x20, 0x50, 
0x72, 0x6F, 0x67, 0x72, 0x65, 0x73, 0x73, 0x20, 0x4D, 0x6F, 0x64, 0x61, 0x6C, 0x20, 0x2A, 0x2F, 
0x0D, 0x0A, 0x20, 0x20, 0x20, 0x20, 0x20, 0x20, 0x20, 0x20, 0x2E, 0x75, 0x70, 0x6C, 0x6F, 0x61, 
0x64, 0x2D, 0x6D, 0x6F, 0x64, 0x61, 0x6C, 0x20, 0x7B, 0x0D, 0x0A, 0x20, 0x20, 0x20, 0x20, 0x20, 
0x20, 0x20, 0x20, 0x20, 0x20, 0x20, 0x20, 0x64, 0x69, 0x73, 0x70, 0x6C, 0x61, 0x79, 0x3A, 0x20, 
0x6E, 0x6F, 0x6E, 0x65, 0x3B, 0x0D, 0x0A, 0x20, 0x20, 0x20, 0x20, 0x20, 0x20, 0x20, 0x20, 0x20, 
0x20, 0x20, 0x20, 0x70, 0x6F, 0x73, 0x69, 0x74, 0x69, 0x6F, 0x6E, 0x3A, 0x20, 0x66, 0x69, 0x78, 
0x65, 0x64, 0x3B, 0x0D, 0x0A, 0x20, 0x20, 0x20, 0x20, 0x20, 0x20, 0x20, 0x20, 0x20, 0x20, 0x20, 
0x20, 0x74, 0x6F, 0x70, 0x3A, 0x20, 0x35, 0x30, 0x25, 0x3B, 0x0D, 0x0A, 0x20, 0x20, 0x20, 0x20, 
0x20, 0x20, 0x20, 0x20, 0x20, 0x20, 0x20, 0x20, 0x6C, 0x65, 0x66, 0x74, 0x3A, 0x20, 0x35, 0x30, 
0x25, 0x3B, 0x0D, 0x0A, 0x20, 0x20, 0x20, 0x20, 0x20, 0x20, 0x20, 0x20, 0x20, 0x20, 0x20, 0x20, 
0x74, 0x72, 0x61, 0x6E, 0x73, 0x66, 0x6F, 0x72, 0x6D, 0x3A, 0x20, 0x74, 0x72, 0x61, 0x6E, 0x73, 
0x6C, 0x61, 0x74, 0x65, 0x28, 0x2D, 0x35, 0x30, 0x25, 0x2C, 0x20, 0x2D, 0x35, 0x30, 0x25, 0x29, 
0x3B, 0x0D, 0x0A, 0x20, 0x20, 0x20, 0x20, 0x20, 0x20, 0x20, 0x20, 0x20, 0x20, 0x20, 0x20, 0x62, 
0x61, 0x63, 0x6B, 0x67, 0x72, 0x6F, 0x75, 0x6E, 0x64, 0x2D, 0x63, 0x6F, 0x6C, 0x6F, 0x72, 0x3A, 
0x20, 0x23, 0x33, 0x61, 0x33, 0x61, 0x33, 0x61, 0x3B, 0x0D, 0x0A, 0x20, 0x20, 0x20, 0x20, 0x20, 
0x20, 0x20, 0x20, 0x20, 0x20, 0x20, 0x20, 0x70, 0x61, 0x64, 0x64, 0x69, 0x6E, 0x67, 0x3A, 0x20, 
0x32, 0x30, 0x70, 0x78, 0x3B, 0x0D, 0x0A, 0x20, 0x20, 0x20, 0x20, 0x20, 0x20, 0x20, 0x20, 0x20, 
0x20, 0x20, 0x20, 0x62, 0x6F, 0x72, 0x64, 0x65, 0x72, 0x2D, 0x72, 0x61, 0x64, 0x69, 0x75, 0x73, 
0x3A, 0x20, 0x31, 0x30, 0x70, 0x78, 0x3B, 0x0D, 0x0A, 0x20, 0x20, 0x20, 0x20, 0x20, 0x20, 0x20, 
0x20, 0x20, 0x20, 0x20, 0x20, 0x62, 0x6F, 0x78, 0x2D, 0x73, 0x68, 0x61, 0x64, 0x6F, 0x77, 0x3A, 
0x20, 0x30, 0x20, 0x34, 0x70, 0x78, 0x20, 0x36, 0x70, 0x78, 0x20, 0x72, 0x67, 0x62, 0x61, 0x28, 
0x30, 0x2C, 0x20, 0x30, 0x2C, 0x20, 0x30, 0x2C, 0x20, 0x30, 0x2E, 0x33, 0x29, 0x3B, 0x0D, 0x0A, 
0x20, 0x20, 0x20, 0x20, 0x20, 0x20, 0x20, 0x20, 0x20, 0x20, 0x20, 0x20, 0x7A, 0x2D, 0x69, 0x6E, 
0x64, 0x65, 0x78, 0x3A, 0x20, 0x31, 0x30, 0x30, 0x30, 0x3B, 0x0D, 0x0A, 0x20, 0x20, 0x20, 0x20, 
0x20, 0x20, 0x20, 0x20, 0x7D, 0x0D, 0x0A, 0x0D, 0x0A, 0x20, 0x20, 0x20, 0x20, 0x20, 0x20, 0x20, 
0x20, 0x2E, 0x70, 0x72, 0x6F, 0x67, 0x72, 0x65, 0x73, 0x73, 0x2D, 0x63, 0x6F, 0x6E, 0x74, 0x61, 
0x69, 0x6E, 0x65, 0x72, 0x20, 0x7B, 0x0D, 0x0A, 0x20, 0x20, 0x20, 0x20, 0x20, 0x20, 0x20, 0x20, 
0x20, 0x20, 0x20, 0x20, 0x64, 0x69, 0x73, 0x70, 0x6C, 0x61, 0x79, 0x3A, 0x20, 0x66, 0x6C, 0x65, 
0x78, 0x3B, 0x0D, 0x0A, 0x20, 0x20, 0x20, 0x20, 0x20, 0x20, 0x20, 0x20, 0x20, 0x20, 0x20, 0x20, 
0x6A, 0x75, 0x73, 0x74, 0x69, 0x66, 0x79, 0x2D, 0x63, 0x6F, 0x6E, 0x74, 0x65, 0x6E, 0x74, 0x3A, 
0x20, 0x63, 0x65, 0x6E, 0x74, 0x65, 0x72, 0x3B, 0x0D, 0x0A, 0x20, 0x20, 0x20, 0x20, 0x20, 0x20, 
0x20, 0x20, 0x20, 0x20, 0x20, 0x20, 0x61, 0x6C, 0x69, 0x67, 0x6E, 0x2D, 0x69, 0x74, 0x65, 0x6D, 
0x73, 0x3A, 0x20, 0x63, 0x65, 0x6E, 0x74, 0x65, 0x72, 0x3B, 0x0D, 0x0A, 0x20, 0x20, 0x20, 0x20, 
0x20, 0x20, 0x20, 0x20, 0x7D, 0x0D, 0x0A, 0x0D, 0x0A, 0x20, 0x20, 0x20, 0x20, 0x20, 0x20, 0x20, 
0x20, 0x2E, 0x70, 0x72, 0x6F, 0x67, 0x72, 0x65, 0x73, 0x73, 0x2D, 0x63, 0x69, 0x72, 0x63, 0x6C, 
0x65, 0x20, 0x7B, 0x0D, 0x0A, 0x20, 0x20, 0x20, 0x20, 0x20, 0x20, 0x20, 0x20, 0x20, 0x20, 0x20, 
0x20, 0x77, 0x69, 0x64, 0x74, 0x68, 0x3A, 0x20, 0x31, 0x30, 0x30, 0x70, 0x78, 0x3B, 0x0D, 0x0A, 
0x20, 0x20, 0x20, 0x20, 0x20, 0x20, 0x20, 0x20, 0x20, 0x20, 0x20, 0x20, 0x68, 0x65, 0x69, 0x67, 
0x68, 0x74, 0x3A, 0x20, 0x31, 0x30, 0x30, 0x70, 0x78, 0x3B, 0x0D, 0x0A, 0x20, 0x20, 0x20, 0x20, 
0x20, 0x20, 0x20, 0x20, 0x20, 0x20, 0x20, 0x20, 0x62, 0x6F, 0x72, 0x64, 0x65, 0x72, 0x2D, 0x72, 
0x61, 0x64, 0x69, 0x75, 0x73, 0x3A, 0x20, 0x35, 0x30, 0x25, 0x3B, 0x0D, 0x0A, 0x20, 0x20, 0x20, 
0x20, 0x20, 0x20, 0x20, 0x20, 0x20, 0x20, 0x20, 0x20, 0x62, 0x61, 0x63, 0x6B, 0x67, 0x72, 0x6F, 
0x75, 0x6E, 0x64, 0x3A, 0x20, 0x63, 0x6F, 0x6E, 0x69, 0x63, 0x2D, 0x67, 0x72, 0x61, 0x64, 0x69, 
0x65, 0x6E, 0x74, 0x28, 0x23, 0x30, 0x30, 0x37, 0x61, 0x63, 0x63, 0x20, 0x30, 0x25, 0x2C, 0x20, 
0x23, 0x64, 0x64, 0x64, 0x20, 0x30, 0x25, 0x29, 0x3B, 0x0D, 0x0A, 0x20, 0x20, 0x20, 0x20, 0x20, 
0x20, 0x20, 0x20, 0x20, 0x20, 0x20, 0x20, 0x64, 0x69, 0x73, 0x70, 0x6C, 0x61, 0x79, 0x3A, 0x20, 
0x66, 0x6C, 0x65, 0x78, 0x3B, 0x0D, 0x0A, 0x20, 0x20, 0x20, 0x20, 0x20, 0x20, 0x20, 0x20, 0x20, 
0x20, 0x20, 0x20, 0x6A, 0x75, 0x73, 0x74, 0x69, 0x66, 0x79, 0x2D, 0x63, 0x6F, 0x6E, 0x74, 0x65, 
0x6E, 0x74, 0x3A, 0x20, 0x63, 0x65, 0x6E, 0x74, 0x65, 0x72, 0x3B, 0x0D, 0x0A, 0x20, 0x20, 0x20, 
0x20, 0x20, 0x20, 0x20, 0x20, 0x20, 0x20, 0x20, 0x20, 0x61, 0x6C, 0x69, 0x67, 0x6E, 0x2D, 0x69, 
0x74, 0x65, 0x6D, 0x73, 0x3A, 0x20, 0x63, 0x65, 0x6E, 0x74, 0x65, 0x72, 0x3B, 0x0D, 0x0A, 0x20, 
0x20, 0x20, 0x20, 0x20, 0x20, 0x20, 0x20, 0x20, 0x20, 0x20, 0x20, 0x70, 0x6F, 0x73, 0x69, 0x74, 
0x69, 0x6F, 0x6E, 0x3A, 0x20, 0x72, 0x65, 0x6C, 0x61, 0x74, 0x69, 0x76, 0x65, 0x3B, 0x0D, 0x0A, 
0x20, 0x20, 0x20, 0x20, 0x20, 0x20, 0x20, 0x20, 0x7D, 0x0D, 0x0A, 0x0D, 0x0A, 0x20, 0x20, 0x20, 
0x20, 0x20, 0x20, 0x20, 0x20, 0x23, 0x70, 0x72, 0x6F, 0x67, 0x72, 0x65, 0x73, 0x73, 0x2D, 0x74, 
0x65, 0x78, 0x74, 0x20, 0x7B, 0x0D, 0x0A, 0x20, 0x20, 0x20, 0x20, 0x20, 0x20, 0x20, 0x20, 0x20, 
0x20, 0x20, 0x20, 0x70, 0x6F, 0x73, 0x69, 0x74, 0x69, 0x6F, 0x6E, 0x3A, 0x20, 0x61, 0x62, 0x73, 
0x6F, 0x6C, 0x75, 0x74, 0x65, 0x3B, 0x0D, 0x0A, 0x20, 0x20, 0x20, 0x20, 0x20, 0x20, 0x20, 0x20, 
0x20, 0x20, 0x20, 0x20, 0x66, 0x6F, 0x6E, 0x74, 0x2D, 0x73, 0x69, 0x7A, 0x65, 0x3A, 0x20, 0x31, 
0x38, 0x70, 0x78, 0x3B, 0x0D, 0x0A, 0x20, 0x20, 0x20, 0x20, 0x20, 0x20, 0x20, 0x20, 0x20, 0x20, 
0x20, 0x20, 0x63, 0x6F, 0x6C, 0x6F, 0x72, 0x3A, 0x20, 0x23, 0x66, 0x66, 0x66, 0x66, 0x66, 0x66, 
0x3B, 0x0D, 0x0A, 0x20, 0x20, 0x20, 0x20, 0x20, 0x20, 0x20, 0x20, 0x7D, 0x0D, 0x0A, 0x0D, 0x0A, 
0x20, 0x20, 0x20, 0x20, 0x20, 0x20, 0x20, 0x20, 0x2F, 0x2A, 0x20, 0x52, 0x65, 0x73, 0x70, 0x6F, 
0x6E, 0x73, 0x69, 0x76, 0x65, 0x20, 0x44, 0x65, 0x73, 0x69, 0x67, 0x6E, 0x20, 0x2A, 0x2F, 0x0D, 
0x0A, 0x20, 0x20, 0x20, 0x20, 0x20, 0x20, 0x20, 0x20, 0x40, 0x6D, 0x65, 0x64, 0x69, 0x61, 0x20, 
0x28, 0x6D, 0x61, 0x78, 0x2D, 0x77, 0x69, 0x64, 0x74, 0x68, 0x3A, 0x20, 0x37, 0x36, 0x38, 0x70, 
0x78, 0x29, 0x20, 0x7B, 0x0D, 0x0A, 0x20, 0x20, 0x20, 0x20, 0x20, 0x20, 0x20, 0x20, 0x20, 0x20, 
0x20, 0x20, 0x2E, 0x68, 0x65, 0x61, 0x64, 0x65, 0x72, 0x20, 0x7B, 0x0D, 0x0A, 0x20, 0x20, 0x20, 
0x20, 0x20, 0x20, 0x20, 0x20, 0x20, 0x20, 0x20, 0x20, 0x20, 0x20, 0x20, 0x20, 0x66, 0x6C, 0x65, 
0x78, 0x2D, 0x64, 0x69, 0x72, 0x65, 0x63, 0x74, 0x69, 0x6F, 0x6E, 0x3A, 0x20, 0x63, 0x6F, 0x6C, 
0x75, 0x6D, 0x6E, 0x3B, 0x0D, 0x0A, 0x20, 0x20, 0x20, 0x20, 0x20, 0x20, 0x20, 0x20, 0x20, 0x20, 
0x20, 0x20, 0x20, 0x20, 0x20, 0x20, 0x74, 0x65, 0x78, 0x74, 0x2D, 0x61, 0x6C, 0x69, 0x67, 0x6E, 
0x3A, 0x20, 0x63, 0x65, 0x6E, 0x74, 0x65, 0x72, 0x3B, 0x0D, 0x0A, 0x20, 0x20, 0x20, 0x20, 0x20, 
0x20, 0x20, 0x20, 0x20, 0x20, 0x20, 0x20, 0x7D, 0x0D, 0x0A, 0x0D, 0x0A, 0x20, 0x20, 0x20, 0x20, 
0x20, 0x20, 0x20, 0x20, 0x20, 0x20, 0x20, 0x20, 0x2E, 0x6D, 0x65, 0x6E, 0x75, 0x2D, 0x62, 0x61, 
0x72, 0x20, 0x7B, 0x0D, 0x0A, 0x20, 0x20, 0x20, 0x20, 0x20, 0x20, 0x20, 0x20, 0x20, 0x20, 0x20, 
0x20, 0x20, 0x20, 0x20, 0x20, 0x6D, 0x61, 0x72, 0x67, 0x69, 0x6E, 0x2D, 0x74, 0x6F, 0x70, 0x3A, 
0x20, 0x31, 0x30, 0x70, 0x78, 0x3B, 0x0D, 0x0A, 0x20, 0x20, 0x20, 0x20, 0x20, 0x20, 0x20, 0x20, 
0x20, 0x20, 0x20, 0x20, 0x7D, 0x0D, 0x0A, 0x0D, 0x0A, 0x20, 0x20, 0x20, 0x20, 0x20, 0x20, 0x20, 
0x20, 0x20, 0x20, 0x20, 0x20, 0x23, 0x66, 0x69, 0x6C, 0x65, 0x2D, 0x6D, 0x61, 0x6E, 0x61, 0x67, 
0x65, 0x72, 0x20, 0x7B, 0x0D, 0x0A, 0x20, 0x20, 0x20, 0x20, 0x20, 0x20, 0x20, 0x20, 0x20, 0x20, 
0x20, 0x20, 0x20, 0x20, 0x20, 0x20, 0x67, 0x72, 0x69, 0x64, 0x2D, 0x74, 0x65, 0x6D, 0x70, 0x6C, 
0x61, 0x74, 0x65, 0x2D, 0x63, 0x6F, 0x6C, 0x75, 0x6D, 0x6E, 0x73, 0x3A, 0x20, 0x72, 0x65, 0x70, 
0x65, 0x61, 0x74, 0x28, 0x61, 0x75, 0x74, 0x6F, 0x2D, 0x66, 0x69, 0x74, 0x2C, 0x20, 0x6D, 0x69, 
0x6E, 0x6D, 0x61, 0x78, 0x28, 0x31, 0x32, 0x30, 0x70, 0x78, 0x2C, 0x20, 0x31, 0x66, 0x72, 0x29, 
0x29, 0x3B, 0x0D, 0x0A, 0x20, 0x20, 0x20, 0x20, 0x20, 0x20, 0x20, 0x20, 0x20, 0x20, 0x20, 0x20, 
0x7D, 0x0D, 0x0A, 0x0D, 0x0A, 0x20, 0x20, 0x20, 0x20, 0x20, 0x20, 0x20, 0x20, 0x20, 0x20, 0x20, 
0x20, 0x2E, 0x69, 0x63, 0x6F, 0x6E, 0x20, 0x7B, 0x0D, 0x0A, 0x20, 0x20, 0x20, 0x20, 0x20, 0x20, 
0x20, 0x20, 0x20, 0x20, 0x20, 0x20, 0x20, 0x20, 0x20, 0x20, 0x66, 0x6F, 0x6E, 0x74, 0x2D, 0x73, 
0x69, 0x7A, 0x65, 0x3A, 0x20, 0x33, 0x30, 0x70, 0x78, 0x3B, 0x0D, 0x0A, 0x20, 0x20, 0x20, 0x20, 
0x20, 0x20, 0x20, 0x20, 0x20, 0x20, 0x20, 0x20, 0x7D, 0x0D, 0x0A, 0x0D, 0x0A, 0x20, 0x20, 0x20, 
0x20, 0x20, 0x20, 0x20, 0x20, 0x20, 0x20, 0x20, 0x20, 0x2E, 0x6E, 0x61, 0x6D, 0x65, 0x20, 0x7B, 
0x0D, 0x0A, 0x20, 0x20, 0x20, 0x20, 0x20, 0x20, 0x20, 0x20, 0x20, 0x20, 0x20, 0x20, 0x20, 0x20, 
0x20, 0x20, 0x66, 0x6F, 0x6E, 0x74, 0x2D, 0x73, 0x69, 0x7A, 0x65, 0x3A, 0x20, 0x31, 0x32, 0x70, 
0x78, 0x3B, 0x0D, 0x0A, 0x20, 0x20, 0x20, 0x20, 0x20, 0x20, 0x20, 0x20, 0x20, 0x20, 0x20, 0x20, 
0x7D, 0x0D, 0x0A, 0x0D, 0x0A, 0x20, 0x20, 0x20, 0x20, 0x20, 0x20, 0x20, 0x20, 0x20, 0x20, 0x20, 
0x20, 0x2E, 0x61, 0x63, 0x74, 0x69, 0x6F, 0x6E, 0x73, 0x20, 0x62, 0x75, 0x74, 0x74, 0x6F, 0x6E, 
0x20, 0x7B, 0x0D, 0x0A, 0x20, 0x20, 0x20, 0x20, 0x20, 0x20, 0x20, 0x20, 0x20, 0x20, 0x20, 0x20, 
0x20, 0x20, 0x20, 0x20, 0x66, 0x6F, 0x6E, 0x74, 0x2D, 0x73, 0x69, 0x7A, 0x65, 0x3A, 0x20, 0x31, 
0x30, 0x70, 0x78, 0x3B, 0x0D, 0x0A, 0x20, 0x20, 0x20, 0x20, 0x20, 0x20, 0x20, 0x20, 0x20, 0x20, 
0x20, 0x20, 0x7D, 0x0D, 0x0A, 0x20, 0x20, 0x20, 0x20, 0x20, 0x20, 0x20, 0x20, 0x7D, 0x0D, 0x0A, 
0x20, 0x20, 0x20, 0x20, 0x20, 0x20, 0x20, 0x20, 0x2F, 0x2A, 0x20, 0x46, 0x6F, 0x6F, 0x74, 0x65, 
0x72, 0x20, 0x53, 0x74, 0x79, 0x6C, 0x69, 0x6E, 0x67, 0x20, 0x28, 0x61, 0x73, 0x20, 0x61, 0x20, 
0x63, 0x61, 0x72, 0x64, 0x29, 0x20, 0x2A, 0x2F, 0x0D, 0x0A, 0x20, 0x20, 0x20, 0x20, 0x20, 0x20, 
0x20, 0x20, 0x2E, 0x66, 0x6F, 0x6F, 0x74, 0x65, 0x72, 0x2D, 0x63, 0x61, 0x72, 0x64, 0x20, 0x7B, 
0x0D, 0x0A, 0x20, 0x20, 0x20, 0x20, 0x20, 0x20, 0x20, 0x20, 0x20, 0x20, 0x20, 0x20, 0x6D, 0x61, 
0x72, 0x67, 0x69, 0x6E, 0x2D, 0x74, 0x6F, 0x70, 0x3A, 0x20, 0x61, 0x75, 0x74, 0x6F, 0x3B, 0x0D, 
0x0A, 0x20, 0x20, 0x20, 0x20, 0x20, 0x20, 0x20, 0x20, 0x20, 0x20, 0x20, 0x20, 0x62, 0x61, 0x63, 
0x6B, 0x67, 0x72, 0x6F, 0x75, 0x6E, 0x64, 0x2D, 0x63, 0x6F, 0x6C, 0x6F, 0x72, 0x3A, 0x20, 0x23, 
0x30, 0x30, 0x37, 0x61, 0x63, 0x63, 0x3B, 0x0D, 0x0A, 0x20, 0x20, 0x20, 0x20, 0x20, 0x20, 0x20, 
0x20, 0x20, 0x20, 0x20, 0x20, 0x63, 0x6F, 0x6C, 0x6F, 0x72, 0x3A, 0x20, 0x23, 0x66, 0x66, 0x66, 
0x3B, 0x0D, 0x0A, 0x20, 0x20, 0x20, 0x20, 0x20, 0x20, 0x20, 0x20, 0x20, 0x20, 0x20, 0x20, 0x74, 
0x65, 0x78, 0x74, 0x2D, 0x61, 0x6C, 0x69, 0x67, 0x6E, 0x3A, 0x20, 0x63, 0x65, 0x6E, 0x74, 0x65, 
0x72, 0x3B, 0x0D, 0x0A, 0x20, 0x20, 0x20, 0x20, 0x20, 0x20, 0x20, 0x20, 0x20, 0x20, 0x20, 0x20, 
0x77, 0x69, 0x64, 0x74, 0x68, 0x3A, 0x20, 0x39, 0x38, 0x25, 0x3B, 0x20, 0x2F, 0x2A, 0x20, 0x4D, 
0x61, 0x74, 0x63, 0x68, 0x65, 0x73, 0x20, 0x74, 0x68, 0x65, 0x20, 0x63, 0x61, 0x72, 0x64, 0x20, 
0x77, 0x69, 0x64, 0x74, 0x68, 0x20, 0x2A, 0x2F, 0x0D, 0x0A, 0x20, 0x20, 0x20, 0x20, 0x20, 0x20, 
0x20, 0x20, 0x20, 0x20, 0x20, 0x20, 0x70, 0x61, 0x64, 0x64, 0x69, 0x6E, 0x67, 0x3A, 0x20, 0x2E, 
0x31, 0x76, 0x68, 0x3B, 0x0D, 0x0A, 0x20, 0x20, 0x20, 0x20, 0x20, 0x20, 0x20, 0x20, 0x20, 0x20, 
0x20, 0x20, 0x62, 0x6F, 0x72, 0x64, 0x65, 0x72, 0x2D, 0x72, 0x61, 0x64, 0x69, 0x75, 0x73, 0x3A, 
0x20, 0x31, 0x32, 0x70, 0x78, 0x20, 0x31, 0x32, 0x70, 0x78, 0x20, 0x31, 0x32, 0x70, 0x78, 0x20, 
0x31, 0x32, 0x70, 0x78, 0x3B, 0x0D, 0x0A, 0x20, 0x20, 0x20, 0x20, 0x20, 0x20, 0x20, 0x20, 0x20, 
0x20, 0x20, 0x20, 0x62, 0x6F, 0x78, 0x2D, 0x73, 0x68, 0x61, 0x64, 0x6F, 0x77, 0x3A, 0x20, 0x30, 
0x20, 0x2D, 0x32, 0x70, 0x78, 0x20, 0x34, 0x70, 0x78, 0x20, 0x72, 0x67, 0x62, 0x61, 0x28, 0x30, 
0x2C, 0x20, 0x30, 0x2C, 0x20, 0x30, 0x2C, 0x20, 0x30, 0x2E, 0x31, 0x29, 0x3B, 0x0D, 0x0A, 0x20, 
0x20, 0x20, 0x20, 0x20, 0x20, 0x20, 0x20, 0x20, 0x20, 0x20, 0x20, 0x70, 0x6F, 0x73, 0x69, 0x74, 
0x69, 0x6F, 0x6E, 0x3A, 0x20, 0x66, 0x69, 0x78, 0x65, 0x64, 0x3B, 0x20, 0x20, 0x20, 0x20, 0x20, 
0x20, 0x20, 0x20, 0x20, 0x0D, 0x0A, 0x20, 0x20, 0x20, 0x20, 0x20, 0x20, 0x20, 0x20, 0x20, 0x20, 
0x20, 0x20, 0x62, 0x6F, 0x74, 0x74, 0x6F, 0x6D, 0x3A, 0x20, 0x2E, 0x35, 0x76, 0x68, 0x3B, 0x20, 
0x2F, 0x2A, 0x20, 0x41, 0x6C, 0x69, 0x67, 0x6E, 0x73, 0x20, 0x69, 0x74, 0x20, 0x61, 0x74, 0x20, 
0x74, 0x68, 0x65, 0x20, 0x76, 0x69, 0x65, 0x77, 0x70, 0x6F, 0x72, 0x74, 0x20, 0x62, 0x6F, 0x74, 
0x74, 0x6F, 0x6D, 0x20, 0x2A, 0x2F, 0x0D, 0x0A, 0x20, 0x20, 0x20, 0x20, 0x20, 0x20, 0x20, 0x20, 
0x20, 0x20, 0x20, 0x20, 0x7A, 0x2D, 0x69, 0x6E, 0x64, 0x65, 0x78, 0x3A, 0x20, 0x31, 0x30, 0x30, 
0x30, 0x3B, 0x20, 0x2F, 0x2A, 0x20, 0x45, 0x6E, 0x73, 0x75, 0x72, 0x65, 0x73, 0x20, 0x69, 0x74, 
0x20, 0x73, 0x74, 0x61, 0x79, 0x73, 0x20, 0x6F, 0x6E, 0x20, 0x74, 0x6F, 0x70, 0x20, 0x2A, 0x2F, 
0x0D, 0x0A, 0x20, 0x20, 0x20, 0x20, 0x20, 0x20, 0x20, 0x20, 0x7D, 0x0D, 0x0A, 0x20, 0x20, 0x20, 
0x20, 0x20, 0x20, 0x20, 0x20, 0x2E, 0x66, 0x6F, 0x6F, 0x74, 0x65, 0x72, 0x2D, 0x63, 0x61, 0x72, 
0x64, 0x20, 0x61, 0x20, 0x7B, 0x0D, 0x0A, 0x20, 0x20, 0x20, 0x20, 0x20, 0x20, 0x20, 0x20, 0x20, 
0x20, 0x20, 0x20, 0x63, 0x6F, 0x6C, 0x6F, 0x72, 0x3A, 0x20, 0x23, 0x66, 0x66, 0x66, 0x3B, 0x0D, 
0x0A, 0x20, 0x20, 0x20, 0x20, 0x20, 0x20, 0x20, 0x20, 0x20, 0x20, 0x20, 0x20, 0x74, 0x65, 0x78, 
0x74, 0x2D, 0x64, 0x65, 0x63, 0x6F, 0x72, 0x61, 0x74, 0x69, 0x6F, 0x6E, 0x3A, 0x20, 0x6E, 0x6F, 
0x6E, 0x65, 0x3B, 0x0D, 0x0A, 0x20, 0x20, 0x20, 0x20, 0x20, 0x20, 0x20, 0x20, 0x20, 0x20, 0x20, 
0x20, 0x66, 0x6F, 0x6E, 0x74, 0x2D, 0x77, 0x65, 0x69, 0x67, 0x68, 0x74, 0x3A, 0x20, 0x62, 0x6F, 
0x6C, 0x64, 0x3B, 0x0D, 0x0A, 0x20, 0x20, 0x20, 0x20, 0x20, 0x20, 0x20, 0x20, 0x20, 0x20, 0x20, 
0x20, 0x74, 0x72, 0x61, 0x6E, 0x73, 0x69, 0x74, 0x69, 0x6F, 0x6E, 0x3A, 0x20, 0x6F, 0x70, 0x61, 
0x63, 0x69, 0x74, 0x79, 0x20, 0x30, 0x2E, 0x33, 0x73, 0x20, 0x65, 0x61, 0x73, 0x65, 0x3B, 0x0D, 
0x0A, 0x20, 0x20, 0x20, 0x20, 0x20, 0x20, 0x20, 0x20, 0x7D, 0x0D, 0x0A, 0x0D, 0x0A, 0x20, 0x20, 
0x20, 0x20, 0x20, 0x20, 0x20, 0x20, 0x2E, 0x66, 0x6F, 0x6F, 0x74, 0x65, 0x72, 0x2D, 0x63, 0x61, 
0x72, 0x64, 0x20, 0x61, 0x3A, 0x68, 0x6F, 0x76, 0x65, 0x72, 0x20, 0x7B, 0x0D, 0x0A, 0x20, 0x20, 
0x20, 0x20, 0x20, 0x20, 0x20, 0x20, 0x20, 0x20, 0x20, 0x20, 0x6F, 0x70, 0x61, 0x63, 0x69, 0x74, 
0x79, 0x3A, 0x20, 0x30, 0x2E, 0x38, 0x3B, 0x0D, 0x0A, 0x20, 0x20, 0x20, 0x20, 0x20, 0x20, 0x20, 
0x20, 0x7D, 0x0D, 0x0A, 0x20, 0x20, 0x20, 0x20, 0x20, 0x20, 0x20, 0x20, 0x2E, 0x66, 0x6F, 0x6F, 
0x74, 0x65, 0x72, 0x2D, 0x6C, 0x69, 0x6E, 0x65, 0x20, 0x7B, 0x0D, 0x0A, 0x20, 0x20, 0x20, 0x20, 
0x20, 0x20, 0x20, 0x20, 0x20, 0x20, 0x20, 0x20, 0x6D, 0x61, 0x72, 0x67, 0x69, 0x6E, 0x3A, 0x20, 
0x35, 0x70, 0x78, 0x20, 0x30, 0x3B, 0x0D, 0x0A, 0x20, 0x20, 0x20, 0x20, 0x20, 0x20, 0x20, 0x20, 
0x7D, 0x0D, 0x0A, 0x20, 0x20, 0x20, 0x20, 0x3C, 0x2F, 0x73, 0x74, 0x79, 0x6C, 0x65, 0x3E, 0x0D, 
0x0A, 0x3C, 0x2F, 0x68, 0x65, 0x61, 0x64, 0x3E, 0x0D, 0x0A, 0x0D, 0x0A, 0x3C, 0x62, 0x6F, 0x64, 
0x79, 0x3E, 0x0D, 0x0A, 0x20, 0x20, 0x20, 0x20, 0x3C, 0x64, 0x69, 0x76, 0x20, 0x63, 0x6C, 0x61, 
0x73, 0x73, 0x3D, 0x22, 0x70, 0x61, 0x67, 0x65, 0x2D, 0x63, 0x61, 0x72, 0x64, 0x22, 0x3E, 0x0D, 
0x0A, 0x20, 0x20, 0x20, 0x20, 0x3C, 0x64, 0x69, 0x76, 0x20, 0x63, 0x6C, 0x61, 0x73, 0x73, 0x3D, 
0x22, 0x68, 0x65, 0x61, 0x64, 0x65, 0x72, 0x22, 0x3E, 0x0D, 0x0A, 0x20, 0x20, 0x20, 0x20, 0x20, 
0x20, 0x20, 0x20, 0x3C, 0x68, 0x31, 0x3E, 0x0D, 0x0A, 0x20, 0x20, 0x20, 0x20, 0x20, 0x20, 0x20, 
0x20, 0x20, 0x20, 0x20, 0x20, 0x3C, 0x69, 0x6D, 0x67, 0x20, 0x73, 0x72, 0x63, 0x3D, 0x22, 0x64, 
0x61, 0x74, 0x61, 0x3A, 0x69, 0x6D, 0x61, 0x67, 0x65, 0x2F, 0x70, 0x6E, 0x67, 0x3B, 0x62, 0x61, 
0x73, 0x65, 0x36, 0x34, 0x2C, 0x69, 0x56, 0x42, 0x4F, 0x52, 0x77, 0x30, 0x4B, 0x47, 0x67, 0x6F, 
0x41, 0x41, 0x41, 0x41, 0x4E, 0x53, 0x55, 0x68, 0x45, 0x55, 0x67, 0x41, 0x41, 0x41, 0x45, 0x41, 
0x41, 0x41, 0x41, 0x42, 0x41, 0x43, 0x41, 0x59, 0x41, 0x41, 0x41, 0x43, 0x71, 0x61, 0x58, 0x48, 
0x65, 0x41, 0x41, 0x41, 0x41, 0x41, 0x58, 0x4E, 0x53, 0x52, 0x30, 0x49, 0x42, 0x32, 0x63, 0x6B, 
0x73, 0x66, 0x77, 0x41, 0x41, 0x41, 0x41, 0x6C, 0x77, 0x53, 0x46, 0x6C, 0x7A, 0x41, 0x41, 0x41, 
0x4C, 0x45, 0x77, 0x41, 0x41, 0x43, 0x78, 0x4D, 0x42, 0x41, 0x4A, 0x71, 0x63, 0x47, 0x41, 0x41, 
0x41, 0x42, 0x31, 0x78, 0x4A, 0x52, 0x45, 0x46, 0x55, 0x65, 0x4A, 0x7A, 0x6C, 0x57, 0x77, 0x6C, 
0x73, 0x46, 0x47, 0x55, 0x55, 0x70, 0x6B, 0x43, 0x46, 0x4B, 0x69, 0x49, 0x43, 0x6D, 0x6D, 0x69, 
0x49, 0x31, 0x4B, 0x75, 0x42, 0x4B, 0x45, 0x58, 0x77, 0x52, 0x41, 0x67, 0x53, 0x6A, 0x52, 0x63, 
0x6F, 0x69, 0x6C, 0x46, 0x42, 0x69, 0x51, 0x63, 0x53, 0x4E, 0x51, 0x62, 0x69, 0x6D, 0x61, 0x69, 
0x78, 0x63, 0x70, 0x63, 0x67, 0x74, 0x35, 0x51, 0x43, 0x4C, 0x53, 0x70, 0x48, 0x41, 0x53, 0x75, 
0x46, 0x53, 0x67, 0x58, 0x6B, 0x43, 0x69, 0x30, 0x67, 0x35, 0x53, 0x34, 0x74, 0x74, 0x4B, 0x58, 
0x33, 0x66, 0x64, 0x39, 0x6C, 0x75, 0x32, 0x31, 0x70, 0x64, 0x39, 0x73, 0x2B, 0x33, 0x7A, 0x65, 
0x7A, 0x6F, 0x30, 0x76, 0x62, 0x33, 0x5A, 0x6D, 0x39, 0x5A, 0x71, 0x62, 0x6C, 0x4A, 0x56, 0x38, 
0x7A, 0x73, 0x35, 0x32, 0x64, 0x66, 0x65, 0x2F, 0x37, 0x2F, 0x2F, 0x2F, 0x39, 0x37, 0x33, 0x2F, 
0x76, 0x2F, 0x33, 0x76, 0x30, 0x63, 0x46, 0x43, 0x49, 0x71, 0x44, 0x64, 0x6A, 0x43, 0x4D, 0x4F, 
0x50, 0x4D, 0x56, 0x77, 0x6E, 0x47, 0x4D, 0x59, 0x59, 0x79, 0x75, 0x6A, 0x72, 0x71, 0x44, 0x31, 
0x4B, 0x6A, 0x52, 0x37, 0x46, 0x43, 0x47, 0x49, 0x6B, 0x4D, 0x4A, 0x70, 0x49, 0x76, 0x39, 0x4C, 
0x43, 0x79, 0x47, 0x4A, 0x73, 0x59, 0x30, 0x78, 0x69, 0x39, 0x48, 0x54, 0x56, 0x38, 0x4E, 0x47, 
0x4D, 0x61, 0x45, 0x5A, 0x72, 0x57, 0x78, 0x76, 0x52, 0x68, 0x61, 0x49, 0x47, 0x2B, 0x75, 0x6C, 
0x45, 0x4B, 0x58, 0x30, 0x61, 0x6C, 0x55, 0x2F, 0x76, 0x37, 0x73, 0x79, 0x68, 0x71, 0x65, 0x48, 
0x5A, 0x75, 0x73, 0x43, 0x30, 0x50, 0x33, 0x4C, 0x6F, 0x6F, 0x38, 0x67, 0x38, 0x6D, 0x6E, 0x65, 
0x30, 0x6D, 0x41, 0x36, 0x6B, 0x47, 0x36, 0x6A, 0x4A, 0x33, 0x43, 0x59, 0x52, 0x63, 0x6F, 0x55, 
0x78, 0x6C, 0x65, 0x48, 0x6C, 0x71, 0x4F, 0x48, 0x39, 0x47, 0x63, 0x73, 0x59, 0x7A, 0x55, 0x55, 
0x47, 0x45, 0x77, 0x55, 0x65, 0x4B, 0x36, 0x45, 0x48, 0x56, 0x69, 0x5A, 0x52, 0x6A, 0x78, 0x2F, 
0x69, 0x75, 0x67, 0x51, 0x47, 0x4C, 0x37, 0x35, 0x45, 0x73, 0x2F, 0x37, 0x4B, 0x70, 0x34, 0x53, 
0x53, 0x42, 0x6D, 0x49, 0x71, 0x77, 0x45, 0x59, 0x55, 0x77, 0x31, 0x65, 0x70, 0x38, 0x58, 0x63, 
0x79, 0x49, 0x6C, 0x70, 0x61, 0x32, 0x79, 0x67, 0x69, 0x71, 0x59, 0x5A, 0x38, 0x6C, 0x79, 0x64, 
0x71, 0x62, 0x70, 0x43, 0x7A, 0x36, 0x4C, 0x38, 0x67, 0x67, 0x5A, 0x59, 0x63, 0x4C, 0x36, 0x58, 
0x36, 0x35, 0x6C, 0x62, 0x30, 0x42, 0x67, 0x78, 0x66, 0x66, 0x7A, 0x6E, 0x6A, 0x42, 0x7A, 0x41, 
0x69, 0x30, 0x59, 0x58, 0x6D, 0x63, 0x6E, 0x66, 0x71, 0x2F, 0x65, 0x4E, 0x46, 0x7A, 0x59, 0x31, 
0x77, 0x42, 0x39, 0x37, 0x59, 0x6B, 0x55, 0x55, 0x56, 0x39, 0x57, 0x61, 0x51, 0x6B, 0x4D, 0x77, 
0x59, 0x5A, 0x6F, 0x2B, 0x41, 0x59, 0x44, 0x4F, 0x33, 0x2F, 0x50, 0x65, 0x48, 0x69, 0x38, 0x68, 
0x4C, 0x42, 0x34, 0x71, 0x37, 0x45, 0x79, 0x39, 0x75, 0x7A, 0x71, 0x43, 0x61, 0x52, 0x76, 0x68, 
0x49, 0x4F, 0x73, 0x58, 0x6F, 0x30, 0x35, 0x6E, 0x78, 0x45, 0x2B, 0x42, 0x46, 0x4E, 0x38, 0x56, 
0x56, 0x55, 0x61, 0x2B, 0x41, 0x37, 0x74, 0x48, 0x79, 0x37, 0x66, 0x45, 0x5A, 0x2B, 0x77, 0x56, 
0x54, 0x71, 0x2B, 0x41, 0x67, 0x35, 0x37, 0x63, 0x33, 0x33, 0x67, 0x74, 0x6A, 0x4A, 0x4C, 0x58, 
0x69, 0x47, 0x74, 0x33, 0x42, 0x44, 0x6B, 0x52, 0x72, 0x52, 0x54, 0x32, 0x46, 0x58, 0x6A, 0x79, 
0x6B, 0x49, 0x78, 0x4A, 0x72, 0x51, 0x45, 0x41, 0x39, 0x59, 0x34, 0x67, 0x31, 0x41, 0x61, 0x2F, 
0x6A, 0x30, 0x39, 0x6C, 0x37, 0x43, 0x7A, 0x52, 0x58, 0x30, 0x74, 0x4E, 0x34, 0x59, 0x6E, 0x30, 
0x71, 0x57, 0x53, 0x62, 0x4A, 0x6E, 0x36, 0x30, 0x4A, 0x69, 0x44, 0x4B, 0x79, 0x70, 0x78, 0x79, 
0x34, 0x71, 0x50, 0x75, 0x32, 0x76, 0x67, 0x54, 0x34, 0x74, 0x71, 0x4E, 0x5A, 0x64, 0x53, 0x43, 
0x67, 0x53, 0x41, 0x69, 0x55, 0x38, 0x49, 0x64, 0x52, 0x76, 0x53, 0x32, 0x68, 0x57, 0x6E, 0x50, 
0x6C, 0x31, 0x4D, 0x49, 0x6E, 0x65, 0x2F, 0x4B, 0x6B, 0x51, 0x4D, 0x6B, 0x50, 0x42, 0x50, 0x6A, 
0x69, 0x43, 0x74, 0x47, 0x64, 0x31, 0x6F, 0x71, 0x70, 0x68, 0x56, 0x48, 0x42, 0x4B, 0x52, 0x49, 
0x42, 0x37, 0x30, 0x6E, 0x65, 0x6E, 0x35, 0x37, 0x37, 0x4C, 0x56, 0x31, 0x7A, 0x78, 0x64, 0x54, 
0x43, 0x72, 0x51, 0x73, 0x53, 0x4A, 0x41, 0x4A, 0x57, 0x67, 0x6F, 0x41, 0x70, 0x75, 0x48, 0x70, 
0x30, 0x58, 0x59, 0x72, 0x6D, 0x69, 0x71, 0x6B, 0x4A, 0x55, 0x34, 0x76, 0x67, 0x43, 0x73, 0x4E, 
0x41, 0x77, 0x44, 0x52, 0x63, 0x6A, 0x51, 0x79, 0x36, 0x34, 0x76, 0x42, 0x4C, 0x45, 0x43, 0x6C, 
0x2B, 0x2B, 0x58, 0x63, 0x42, 0x4A, 0x5A, 0x55, 0x31, 0x55, 0x6E, 0x5A, 0x31, 0x55, 0x30, 0x66, 
0x55, 0x4E, 0x46, 0x45, 0x35, 0x52, 0x32, 0x44, 0x56, 0x6A, 0x57, 0x62, 0x4B, 0x34, 0x76, 0x76, 
0x51, 0x38, 0x35, 0x55, 0x30, 0x4F, 0x46, 0x41, 0x66, 0x6A, 0x74, 0x59, 0x6F, 0x68, 0x73, 0x63, 
0x52, 0x54, 0x68, 0x50, 0x67, 0x46, 0x52, 0x42, 0x48, 0x68, 0x7A, 0x4D, 0x4D, 0x69, 0x74, 0x61, 
0x6F, 0x31, 0x6E, 0x4B, 0x75, 0x73, 0x4A, 0x35, 0x75, 0x6D, 0x52, 0x2F, 0x66, 0x39, 0x51, 0x6E, 
0x41, 0x45, 0x74, 0x52, 0x5A, 0x4F, 0x5A, 0x6C, 0x6E, 0x70, 0x4A, 0x76, 0x6E, 0x61, 0x55, 0x75, 
0x43, 0x79, 0x77, 0x52, 0x73, 0x76, 0x46, 0x44, 0x70, 0x4E, 0x41, 0x47, 0x51, 0x77, 0x71, 0x76, 
0x4E, 0x74, 0x4F, 0x46, 0x63, 0x42, 0x61, 0x30, 0x34, 0x57, 0x65, 0x59, 0x57, 0x49, 0x42, 0x63, 
0x77, 0x79, 0x49, 0x48, 0x68, 0x35, 0x54, 0x49, 0x42, 0x6B, 0x56, 0x64, 0x71, 0x58, 0x53, 0x4C, 
0x41, 0x45, 0x35, 0x4A, 0x62, 0x30, 0x30, 0x78, 0x50, 0x68, 0x36, 0x54, 0x64, 0x75, 0x41, 0x52, 
0x41, 0x6F, 0x72, 0x50, 0x72, 0x62, 0x6D, 0x77, 0x43, 0x4D, 0x71, 0x75, 0x61, 0x62, 0x6D, 0x77, 
0x43, 0x4D, 0x76, 0x52, 0x41, 0x77, 0x44, 0x56, 0x7A, 0x4B, 0x31, 0x55, 0x33, 0x6D, 0x46, 0x55, 
0x46, 0x34, 0x6F, 0x31, 0x43, 0x67, 0x34, 0x6E, 0x32, 0x70, 0x31, 0x33, 0x56, 0x6A, 0x6F, 0x41, 
0x43, 0x39, 0x75, 0x77, 0x7A, 0x49, 0x6E, 0x4E, 0x70, 0x36, 0x4C, 0x4A, 0x45, 0x59, 0x57, 0x57, 
0x70, 0x4A, 0x76, 0x6F, 0x76, 0x54, 0x43, 0x41, 0x66, 0x6E, 0x6C, 0x70, 0x76, 0x6D, 0x71, 0x4D, 
0x73, 0x6D, 0x65, 0x4E, 0x32, 0x41, 0x6D, 0x6F, 0x62, 0x57, 0x2B, 0x6A, 0x2B, 0x46, 0x57, 0x4C, 
0x6D, 0x32, 0x4A, 0x75, 0x56, 0x65, 0x47, 0x52, 0x74, 0x43, 0x72, 0x33, 0x35, 0x65, 0x7A, 0x61, 
0x39, 0x48, 0x61, 0x34, 0x2B, 0x6E, 0x74, 0x71, 0x51, 0x53, 0x6A, 0x30, 0x44, 0x56, 0x43, 0x5A, 
0x67, 0x39, 0x6A, 0x34, 0x78, 0x6D, 0x54, 0x4A, 0x38, 0x64, 0x54, 0x4C, 0x46, 0x73, 0x43, 0x64, 
0x75, 0x61, 0x57, 0x73, 0x6A, 0x72, 0x51, 0x52, 0x35, 0x54, 0x53, 0x7A, 0x76, 0x2B, 0x38, 0x79, 
0x31, 0x33, 0x52, 0x76, 0x63, 0x54, 0x67, 0x42, 0x61, 0x48, 0x39, 0x30, 0x76, 0x4D, 0x6C, 0x6B, 
0x66, 0x7A, 0x68, 0x47, 0x70, 0x50, 0x2F, 0x52, 0x41, 0x56, 0x51, 0x6A, 0x41, 0x79, 0x39, 0x44, 
0x6C, 0x4D, 0x50, 0x59, 0x74, 0x4C, 0x39, 0x61, 0x46, 0x6F, 0x4B, 0x43, 0x6A, 0x43, 0x67, 0x45, 
0x78, 0x6C, 0x75, 0x44, 0x6A, 0x6D, 0x56, 0x2F, 0x53, 0x74, 0x62, 0x48, 0x55, 0x68, 0x6D, 0x43, 
0x39, 0x6F, 0x67, 0x6F, 0x42, 0x43, 0x32, 0x4E, 0x45, 0x70, 0x6D, 0x66, 0x2B, 0x6D, 0x64, 0x65, 
0x35, 0x4A, 0x6A, 0x4A, 0x53, 0x55, 0x6D, 0x65, 0x69, 0x4E, 0x61, 0x66, 0x4C, 0x61, 0x66, 0x72, 
0x4F, 0x48, 0x48, 0x70, 0x6C, 0x61, 0x79, 0x5A, 0x39, 0x76, 0x43, 0x65, 0x50, 0x6F, 0x6C, 0x4A, 
0x71, 0x70, 0x52, 0x53, 0x32, 0x55, 0x77, 0x49, 0x2F, 0x49, 0x44, 0x6C, 0x6C, 0x6A, 0x78, 0x4F, 
0x41, 0x77, 0x69, 0x51, 0x2B, 0x57, 0x33, 0x71, 0x69, 0x31, 0x47, 0x46, 0x46, 0x56, 0x38, 0x57, 
0x57, 0x32, 0x5A, 0x79, 0x36, 0x2F, 0x46, 0x6D, 0x6E, 0x79, 0x67, 0x61, 0x7A, 0x55, 0x77, 0x53, 
0x55, 0x47, 0x55, 0x31, 0x43, 0x61, 0x55, 0x77, 0x56, 0x41, 0x70, 0x37, 0x66, 0x6C, 0x43, 0x46, 
0x38, 0x64, 0x74, 0x44, 0x42, 0x2F, 0x41, 0x42, 0x57, 0x63, 0x66, 0x67, 0x65, 0x45, 0x69, 0x76, 
0x66, 0x48, 0x43, 0x67, 0x55, 0x69, 0x70, 0x6D, 0x49, 0x35, 0x50, 0x61, 0x6C, 0x58, 0x68, 0x57, 
0x6D, 0x55, 0x66, 0x7A, 0x76, 0x32, 0x56, 0x2F, 0x54, 0x71, 0x61, 0x6E, 0x46, 0x38, 0x5A, 0x36, 
0x51, 0x57, 0x4E, 0x70, 0x6F, 0x56, 0x33, 0x2B, 0x33, 0x45, 0x75, 0x43, 0x37, 0x58, 0x4F, 0x78, 
0x71, 0x59, 0x46, 0x32, 0x4A, 0x6F, 0x50, 0x59, 0x49, 0x51, 0x39, 0x48, 0x79, 0x4D, 0x50, 0x35, 
0x45, 0x72, 0x72, 0x48, 0x44, 0x4D, 0x38, 0x31, 0x73, 0x74, 0x4A, 0x53, 0x6F, 0x58, 0x58, 0x2B, 
0x32, 0x77, 0x6D, 0x45, 0x43, 0x77, 0x69, 0x2F, 0x58, 0x71, 0x45, 0x4E, 0x41, 0x6F, 0x36, 0x6C, 
0x56, 0x71, 0x4C, 0x69, 0x67, 0x66, 0x43, 0x34, 0x6E, 0x79, 0x65, 0x57, 0x4E, 0x51, 0x71, 0x44, 
0x69, 0x59, 0x35, 0x55, 0x4D, 0x6D, 0x57, 0x44, 0x48, 0x63, 0x65, 0x62, 0x58, 0x4E, 0x67, 0x76, 
0x50, 0x33, 0x73, 0x64, 0x6A, 0x32, 0x61, 0x72, 0x6D, 0x72, 0x30, 0x67, 0x57, 0x78, 0x64, 0x69, 
0x65, 0x41, 0x64, 0x78, 0x4B, 0x51, 0x48, 0x78, 0x78, 0x67, 0x33, 0x43, 0x50, 0x31, 0x72, 0x49, 
0x6C, 0x55, 0x42, 0x32, 0x74, 0x65, 0x42, 0x75, 0x48, 0x71, 0x79, 0x68, 0x4D, 0x33, 0x4D, 0x73, 
0x39, 0x35, 0x76, 0x48, 0x31, 0x71, 0x55, 0x49, 0x43, 0x59, 0x39, 0x62, 0x65, 0x41, 0x70, 0x76, 
0x66, 0x51, 0x79, 0x2F, 0x41, 0x31, 0x49, 0x6F, 0x70, 0x64, 0x6C, 0x78, 0x6F, 0x47, 0x75, 0x33, 
0x68, 0x33, 0x31, 0x51, 0x61, 0x59, 0x4D, 0x47, 0x5A, 0x65, 0x70, 0x53, 0x41, 0x73, 0x50, 0x67, 
0x71, 0x34, 0x59, 0x64, 0x32, 0x63, 0x2B, 0x43, 0x44, 0x2B, 0x2B, 0x41, 0x7A, 0x74, 0x72, 0x73, 
0x70, 0x55, 0x6D, 0x42, 0x49, 0x52, 0x53, 0x4D, 0x58, 0x47, 0x48, 0x43, 0x6B, 0x57, 0x4B, 0x72, 
0x53, 0x43, 0x73, 0x4F, 0x67, 0x53, 0x73, 0x62, 0x4A, 0x66, 0x63, 0x34, 0x52, 0x4A, 0x73, 0x70, 
0x5A, 0x43, 0x4B, 0x2B, 0x52, 0x52, 0x74, 0x74, 0x78, 0x71, 0x56, 0x72, 0x57, 0x65, 0x50, 0x54, 
0x4B, 0x49, 0x55, 0x76, 0x74, 0x37, 0x32, 0x74, 0x77, 0x6D, 0x59, 0x44, 0x74, 0x46, 0x6B, 0x57, 
0x6B, 0x4B, 0x54, 0x42, 0x61, 0x4C, 0x44, 0x64, 0x31, 0x45, 0x45, 0x78, 0x48, 0x59, 0x7A, 0x67, 
0x32, 0x78, 0x7A, 0x42, 0x42, 0x43, 0x73, 0x79, 0x5A, 0x43, 0x42, 0x6D, 0x62, 0x4E, 0x5A, 0x62, 
0x2B, 0x55, 0x30, 0x5A, 0x39, 0x35, 0x38, 0x62, 0x54, 0x50, 0x64, 0x77, 0x6A, 0x44, 0x45, 0x30, 
0x74, 0x64, 0x70, 0x39, 0x48, 0x5A, 0x73, 0x68, 0x65, 0x47, 0x4F, 0x7A, 0x57, 0x49, 0x54, 0x44, 
0x4A, 0x30, 0x74, 0x57, 0x77, 0x6C, 0x61, 0x59, 0x7A, 0x51, 0x58, 0x6F, 0x63, 0x7A, 0x75, 0x36, 
0x78, 0x64, 0x53, 0x6B, 0x75, 0x52, 0x59, 0x6C, 0x74, 0x56, 0x71, 0x45, 0x74, 0x53, 0x76, 0x6A, 
0x32, 0x42, 0x49, 0x30, 0x68, 0x70, 0x37, 0x2F, 0x62, 0x43, 0x50, 0x42, 0x62, 0x6C, 0x53, 0x53, 
0x4D, 0x62, 0x56, 0x73, 0x4E, 0x65, 0x7A, 0x7A, 0x48, 0x4B, 0x44, 0x79, 0x50, 0x49, 0x4D, 0x64, 
0x56, 0x57, 0x52, 0x6B, 0x72, 0x54, 0x70, 0x76, 0x7A, 0x6F, 0x30, 0x76, 0x73, 0x50, 0x72, 0x66, 
0x36, 0x56, 0x4C, 0x6B, 0x36, 0x42, 0x4D, 0x42, 0x6F, 0x64, 0x4C, 0x58, 0x4A, 0x32, 0x37, 0x4A, 
0x73, 0x4B, 0x6E, 0x4F, 0x2B, 0x73, 0x45, 0x46, 0x77, 0x66, 0x42, 0x4F, 0x35, 0x70, 0x7A, 0x67, 
0x78, 0x6E, 0x56, 0x38, 0x6E, 0x32, 0x4C, 0x61, 0x44, 0x33, 0x31, 0x37, 0x4F, 0x77, 0x38, 0x47, 
0x65, 0x76, 0x4C, 0x38, 0x72, 0x56, 0x78, 0x30, 0x43, 0x4B, 0x75, 0x76, 0x4E, 0x73, 0x69, 0x32, 
0x43, 0x38, 0x58, 0x72, 0x58, 0x6B, 0x73, 0x75, 0x43, 0x45, 0x37, 0x7A, 0x4D, 0x77, 0x59, 0x6D, 
0x7A, 0x41, 0x6F, 0x58, 0x68, 0x44, 0x44, 0x45, 0x6A, 0x59, 0x43, 0x4F, 0x48, 0x4C, 0x63, 0x47, 
0x47, 0x71, 0x4E, 0x48, 0x42, 0x38, 0x6D, 0x55, 0x2B, 0x74, 0x78, 0x42, 0x77, 0x70, 0x71, 0x42, 
0x65, 0x75, 0x4D, 0x62, 0x61, 0x32, 0x35, 0x34, 0x73, 0x50, 0x6C, 0x59, 0x71, 0x56, 0x4A, 0x4C, 
0x67, 0x42, 0x32, 0x4C, 0x7A, 0x4F, 0x67, 0x59, 0x39, 0x63, 0x6F, 0x4C, 0x53, 0x32, 0x38, 0x74, 
0x62, 0x4D, 0x6F, 0x56, 0x33, 0x76, 0x43, 0x4E, 0x54, 0x6B, 0x45, 0x45, 0x4A, 0x54, 0x6B, 0x6E, 
0x52, 0x78, 0x57, 0x55, 0x43, 0x44, 0x6E, 0x48, 0x59, 0x47, 0x33, 0x52, 0x61, 0x48, 0x47, 0x74, 
0x6E, 0x43, 0x2B, 0x72, 0x74, 0x4B, 0x6F, 0x56, 0x70, 0x43, 0x51, 0x34, 0x4D, 0x42, 0x71, 0x41, 
0x6E, 0x49, 0x47, 0x4D, 0x7A, 0x66, 0x6D, 0x4F, 0x61, 0x49, 0x6F, 0x77, 0x4A, 0x53, 0x61, 0x55, 
0x42, 0x69, 0x38, 0x53, 0x59, 0x48, 0x76, 0x64, 0x35, 0x48, 0x42, 0x7A, 0x5A, 0x6B, 0x34, 0x50, 
0x70, 0x42, 0x6B, 0x58, 0x36, 0x75, 0x30, 0x77, 0x41, 0x61, 0x6E, 0x7A, 0x54, 0x49, 0x38, 0x54, 
0x6C, 0x4A, 0x6F, 0x71, 0x66, 0x63, 0x6C, 0x4C, 0x48, 0x51, 0x77, 0x47, 0x78, 0x77, 0x70, 0x69, 
0x51, 0x4E, 0x4D, 0x45, 0x67, 0x2B, 0x41, 0x36, 0x6C, 0x51, 0x4F, 0x44, 0x30, 0x33, 0x61, 0x45, 
0x69, 0x4B, 0x71, 0x32, 0x54, 0x44, 0x37, 0x55, 0x6C, 0x52, 0x36, 0x6B, 0x4B, 0x41, 0x52, 0x68, 
0x72, 0x64, 0x2F, 0x50, 0x34, 0x31, 0x70, 0x4E, 0x38, 0x73, 0x46, 0x76, 0x65, 0x41, 0x62, 0x71, 
0x46, 0x67, 0x4E, 0x68, 0x38, 0x49, 0x7A, 0x33, 0x49, 0x38, 0x54, 0x2B, 0x38, 0x75, 0x31, 0x34, 
0x45, 0x44, 0x6E, 0x65, 0x45, 0x51, 0x6A, 0x74, 0x63, 0x4A, 0x6D, 0x44, 0x74, 0x6D, 0x58, 0x49, 
0x68, 0x45, 0x2B, 0x53, 0x4D, 0x55, 0x2F, 0x4F, 0x55, 0x70, 0x50, 0x44, 0x73, 0x34, 0x4B, 0x31, 
0x57, 0x57, 0x68, 0x79, 0x4C, 0x45, 0x37, 0x33, 0x4A, 0x74, 0x2B, 0x77, 0x6E, 0x6C, 0x4F, 0x70, 
0x76, 0x54, 0x63, 0x42, 0x62, 0x75, 0x4A, 0x49, 0x53, 0x45, 0x49, 0x34, 0x41, 0x53, 0x39, 0x6B, 
0x6A, 0x6D, 0x51, 0x5A, 0x68, 0x48, 0x36, 0x36, 0x57, 0x69, 0x43, 0x74, 0x71, 0x45, 0x4C, 0x62, 
0x4E, 0x79, 0x39, 0x55, 0x43, 0x72, 0x49, 0x47, 0x5A, 0x69, 0x53, 0x55, 0x63, 0x42, 0x4C, 0x79, 
0x45, 0x71, 0x37, 0x47, 0x68, 0x79, 0x73, 0x72, 0x4B, 0x33, 0x51, 0x48, 0x65, 0x76, 0x44, 0x43, 
0x7A, 0x53, 0x43, 0x67, 0x49, 0x38, 0x4D, 0x65, 0x56, 0x76, 0x51, 0x78, 0x71, 0x64, 0x77, 0x4D, 
0x53, 0x4C, 0x42, 0x62, 0x35, 0x47, 0x67, 0x54, 0x30, 0x59, 0x35, 0x69, 0x77, 0x72, 0x31, 0x35, 
0x72, 0x78, 0x64, 0x54, 0x43, 0x61, 0x2F, 0x2B, 0x76, 0x58, 0x63, 0x5A, 0x4C, 0x57, 0x32, 0x55, 
0x76, 0x70, 0x6C, 0x64, 0x65, 0x36, 0x7A, 0x62, 0x6E, 0x41, 0x2B, 0x52, 0x67, 0x53, 0x64, 0x35, 
0x67, 0x51, 0x64, 0x46, 0x50, 0x49, 0x6D, 0x41, 0x4F, 0x50, 0x6B, 0x45, 0x47, 0x56, 0x6D, 0x76, 
0x6C, 0x50, 0x49, 0x32, 0x42, 0x67, 0x5A, 0x65, 0x6B, 0x45, 0x79, 0x51, 0x48, 0x72, 0x44, 0x64, 
0x4C, 0x44, 0x32, 0x49, 0x59, 0x64, 0x69, 0x66, 0x56, 0x43, 0x4A, 0x6B, 0x62, 0x72, 0x5A, 0x58, 
0x30, 0x4A, 0x42, 0x42, 0x53, 0x6B, 0x35, 0x69, 0x6D, 0x6E, 0x4E, 0x7A, 0x2B, 0x7A, 0x45, 0x41, 
0x67, 0x64, 0x6B, 0x38, 0x71, 0x57, 0x55, 0x74, 0x33, 0x56, 0x59, 0x78, 0x59, 0x63, 0x34, 0x58, 
0x4B, 0x78, 0x64, 0x51, 0x39, 0x54, 0x73, 0x4A, 0x35, 0x74, 0x53, 0x66, 0x41, 0x68, 0x35, 0x46, 
0x59, 0x7A, 0x41, 0x75, 0x4F, 0x55, 0x55, 0x37, 0x45, 0x42, 0x48, 0x72, 0x48, 0x37, 0x62, 0x77, 
0x41, 0x4F, 0x79, 0x6C, 0x47, 0x72, 0x55, 0x68, 0x65, 0x44, 0x72, 0x64, 0x31, 0x5A, 0x75, 0x68, 
0x4A, 0x52, 0x68, 0x47, 0x79, 0x74, 0x66, 0x35, 0x4F, 0x62, 0x4A, 0x33, 0x56, 0x4B, 0x37, 0x43, 
0x44, 0x42, 0x41, 0x45, 0x62, 0x69, 0x59, 0x63, 0x2B, 0x5A, 0x39, 0x67, 0x37, 0x4E, 0x41, 0x57, 
0x38, 0x77, 0x43, 0x68, 0x42, 0x55, 0x57, 0x4C, 0x4B, 0x39, 0x71, 0x77, 0x75, 0x66, 0x33, 0x68, 
0x71, 0x5A, 0x46, 0x41, 0x4B, 0x6E, 0x63, 0x6F, 0x33, 0x53, 0x73, 0x5A, 0x2F, 0x78, 0x65, 0x68, 
0x74, 0x6B, 0x77, 0x43, 0x72, 0x38, 0x30, 0x4E, 0x6A, 0x47, 0x52, 0x6B, 0x49, 0x46, 0x35, 0x48, 
0x4B, 0x39, 0x6C, 0x75, 0x56, 0x72, 0x4C, 0x6B, 0x68, 0x6A, 0x67, 0x4A, 0x46, 0x46, 0x35, 0x78, 
0x2B, 0x73, 0x78, 0x79, 0x58, 0x51, 0x2F, 0x4E, 0x2F, 0x4B, 0x47, 0x74, 0x38, 0x4F, 0x79, 0x4A, 
0x77, 0x68, 0x6A, 0x43, 0x45, 0x78, 0x41, 0x49, 0x4E, 0x37, 0x65, 0x49, 0x5A, 0x41, 0x67, 0x6D, 
0x51, 0x68, 0x39, 0x6D, 0x52, 0x2B, 0x47, 0x69, 0x38, 0x7A, 0x37, 0x63, 0x7A, 0x49, 0x49, 0x5A, 
0x42, 0x4F, 0x66, 0x7A, 0x56, 0x73, 0x43, 0x78, 0x61, 0x65, 0x37, 0x70, 0x63, 0x6D, 0x75, 0x72, 
0x67, 0x37, 0x51, 0x38, 0x54, 0x54, 0x6F, 0x59, 0x34, 0x4B, 0x2F, 0x7A, 0x6C, 0x68, 0x78, 0x69, 
0x62, 0x47, 0x64, 0x63, 0x6C, 0x2F, 0x6C, 0x43, 0x37, 0x42, 0x7A, 0x4E, 0x36, 0x51, 0x62, 0x75, 
0x45, 0x4D, 0x34, 0x4B, 0x63, 0x2F, 0x59, 0x79, 0x4A, 0x47, 0x4E, 0x5A, 0x75, 0x45, 0x58, 0x36, 
0x52, 0x4E, 0x32, 0x4D, 0x6B, 0x59, 0x79, 0x61, 0x4A, 0x4A, 0x38, 0x6D, 0x33, 0x4D, 0x4D, 0x4A, 
0x30, 0x67, 0x71, 0x32, 0x4D, 0x55, 0x4D, 0x59, 0x58, 0x6A, 0x48, 0x48, 0x2F, 0x52, 0x58, 0x67, 
0x4B, 0x35, 0x46, 0x2B, 0x4F, 0x50, 0x4D, 0x56, 0x70, 0x4C, 0x76, 0x56, 0x62, 0x56, 0x67, 0x41, 
0x41, 0x41, 0x41, 0x42, 0x4A, 0x52, 0x55, 0x35, 0x45, 0x72, 0x6B, 0x4A, 0x67, 0x67, 0x67, 0x3D, 
0x3D, 0x22, 0x20, 0x61, 0x6C, 0x74, 0x3D, 0x22, 0x49, 0x63, 0x6F, 0x6E, 0x22, 0x20, 0x73, 0x74, 
0x79, 0x6C, 0x65, 0x3D, 0x22, 0x77, 0x69, 0x64, 0x74, 0x68, 0x3A, 0x20, 0x33, 0x32, 0x70, 0x78, 
0x3B, 0x20, 0x68, 0x65, 0x69, 0x67, 0x68, 0x74, 0x3A, 0x20, 0x33, 0x32, 0x70, 0x78, 0x3B, 0x20, 
0x76, 0x65, 0x72, 0x74, 0x69, 0x63, 0x61, 0x6C, 0x2D, 0x61, 0x6C, 0x69, 0x67, 0x6E, 0x3A, 0x20, 
0x6D, 0x69, 0x64, 0x64, 0x6C, 0x65, 0x3B, 0x20, 0x6D, 0x61, 0x72, 0x67, 0x69, 0x6E, 0x2D, 0x72, 
0x69, 0x67, 0x68, 0x74, 0x3A, 0x20, 0x31, 0x30, 0x70, 0x78, 0x3B, 0x22, 0x3E, 0x0D, 0x0A, 0x20, 
0x20, 0x20, 0x20, 0x20, 0x20, 0x20, 0x20, 0x20, 0x20, 0x20, 0x20, 0x52, 0x41, 0x44, 0x49, 0x4F, 
0x47, 0x4C, 0x4F, 0x42, 0x45, 0x20, 0x4D, 0x75, 0x73, 0x69, 0x63, 0x20, 0x43, 0x6F, 0x6C, 0x6C, 
0x65, 0x63, 0x74, 0x69, 0x6F, 0x6E, 0x0D, 0x0A, 0x20, 0x20, 0x20, 0x20, 0x20, 0x20, 0x20, 0x20, 
0x3C, 0x2F, 0x68, 0x31, 0x3E, 0x0D, 0x0A, 0x20, 0x20, 0x20, 0x20, 0x20, 0x20, 0x20, 0x20, 0x3C, 
0x64, 0x69, 0x76, 0x20, 0x63, 0x6C, 0x61, 0x73, 0x73, 0x3D, 0x22, 0x6D, 0x65, 0x6E, 0x75, 0x2D, 
0x62, 0x61, 0x72, 0x22, 0x3E, 0x0D, 0x0A, 0x20, 0x20, 0x20, 0x20, 0x20, 0x20, 0x20, 0x20, 0x20, 
0x20, 0x20, 0x20, 0x3C, 0x62, 0x75, 0x74, 0x74, 0x6F, 0x6E, 0x20, 0x69, 0x64, 0x3D, 0x22, 0x63, 
0x72, 0x65, 0x61, 0x74, 0x65, 0x2D, 0x66, 0x6F, 0x6C, 0x64, 0x65, 0x72, 0x2D, 0x62, 0x75, 0x74, 
0x74, 0x6F, 0x6E, 0x22, 0x3E, 0x43, 0x72, 0x65, 0x61, 0x74, 0x65, 0x20, 0x46, 0x6F, 0x6C, 0x64, 
0x65, 0x72, 0x3C, 0x2F, 0x62, 0x75, 0x74, 0x74, 0x6F, 0x6E, 0x3E, 0x0D, 0x0A, 0x20, 0x20, 0x20, 
0x20, 0x20, 0x20, 0x20, 0x20, 0x20, 0x20, 0x20, 0x20, 0x3C, 0x62, 0x75, 0x74, 0x74, 0x6F, 0x6E, 
0x20, 0x69, 0x64, 0x3D, 0x22, 0x75, 0x70, 0x6C, 0x6F, 0x61, 0x64, 0x2D, 0x62, 0x75, 0x74, 0x74, 
0x6F, 0x6E, 0x22, 0x3E, 0x55, 0x70, 0x6C, 0x6F, 0x61, 0x64, 0x20, 0x46, 0x69, 0x6C, 0x65, 0x73, 
0x3C, 0x2F, 0x62, 0x75, 0x74, 0x74, 0x6F, 0x6E, 0x3E, 0x0D, 0x0A, 0x20, 0x20, 0x20, 0x20, 0x20, 
0x20, 0x20, 0x20, 0x3C, 0x2F, 0x64, 0x69, 0x76, 0x3E, 0x0D, 0x0A, 0x20, 0x20, 0x20, 0x20, 0x3C, 
0x2F, 0x64, 0x69, 0x76, 0x3E, 0x0D, 0x0A, 0x20, 0x20, 0x20, 0x20, 0x3C, 0x64, 0x69, 0x76, 0x20, 
0x63, 0x6C, 0x61, 0x73, 0x73, 0x3D, 0x22, 0x63, 0x6F, 0x6E, 0x74, 0x61, 0x69, 0x6E, 0x65, 0x72, 
0x22, 0x3E, 0x0D, 0x0A, 0x20, 0x20, 0x20, 0x20, 0x20, 0x20, 0x20, 0x20, 0x3C, 0x69, 0x6E, 0x70, 
0x75, 0x74, 0x20, 0x74, 0x79, 0x70, 0x65, 0x3D, 0x22, 0x66, 0x69, 0x6C, 0x65, 0x22, 0x20, 0x69, 
0x64, 0x3D, 0x22, 0x66, 0x69, 0x6C, 0x65, 0x2D, 0x75, 0x70, 0x6C, 0x6F, 0x61, 0x64, 0x22, 0x20, 
0x6D, 0x75, 0x6C, 0x74, 0x69, 0x70, 0x6C, 0x65, 0x20, 0x73, 0x74, 0x79, 0x6C, 0x65, 0x3D, 0x22, 
0x64, 0x69, 0x73, 0x70, 0x6C, 0x61, 0x79, 0x3A, 0x20, 0x6E, 0x6F, 0x6E, 0x65, 0x3B, 0x22, 0x3E, 
0x0D, 0x0A, 0x20, 0x20, 0x20, 0x20, 0x20, 0x20, 0x20, 0x20, 0x3C, 0x62, 0x75, 0x74, 0x74, 0x6F, 
0x6E, 0x20, 0x69, 0x64, 0x3D, 0x22, 0x62, 0x61, 0x63, 0x6B, 0x2D, 0x62, 0x75, 0x74, 0x74, 0x6F, 
0x6E, 0x22, 0x3E, 0x42, 0x61, 0x63, 0x6B, 0x3C, 0x2F, 0x62, 0x75, 0x74, 0x74, 0x6F, 0x6E, 0x3E, 
0x0D, 0x0A, 0x20, 0x20, 0x20, 0x20, 0x20, 0x20, 0x20, 0x20, 0x3C, 0x64, 0x69, 0x76, 0x20, 0x69, 
0x64, 0x3D, 0x22, 0x66, 0x69, 0x6C, 0x65, 0x2D, 0x6D, 0x61, 0x6E, 0x61, 0x67, 0x65, 0x72, 0x22, 
0x3E, 0x3C, 0x2F, 0x64, 0x69, 0x76, 0x3E, 0x0D, 0x0A, 0x20, 0x20, 0x20, 0x20, 0x20, 0x20, 0x20, 
0x20, 0x3C, 0x64, 0x69, 0x76, 0x20, 0x69, 0x64, 0x3D, 0x22, 0x6E, 0x6F, 0x2D, 0x66, 0x69, 0x6C, 
0x65, 0x73, 0x2D, 0x6D, 0x65, 0x73, 0x73, 0x61, 0x67, 0x65, 0x22, 0x3E, 0x4E, 0x6F, 0x20, 0x66, 
0x69, 0x6C, 0x65, 0x73, 0x20, 0x66, 0x6F, 0x75, 0x6E, 0x64, 0x2E, 0x3C, 0x2F, 0x64, 0x69, 0x76, 
0x3E, 0x0D, 0x0A, 0x20, 0x20, 0x20, 0x20, 0x3C, 0x2F, 0x64, 0x69, 0x76, 0x3E, 0x0D, 0x0A, 0x20, 
0x20, 0x20, 0x20, 0x3C, 0x64, 0x69, 0x76, 0x20, 0x69, 0x64, 0x3D, 0x22, 0x75, 0x70, 0x6C, 0x6F, 
0x61, 0x64, 0x2D, 0x6D, 0x6F, 0x64, 0x61, 0x6C, 0x22, 0x20, 0x63, 0x6C, 0x61, 0x73, 0x73, 0x3D, 
0x22, 0x75, 0x70, 0x6C, 0x6F, 0x61, 0x64, 0x2D, 0x6D, 0x6F, 0x64, 0x61, 0x6C, 0x22, 0x3E, 0x0D, 
0x0A, 0x20, 0x20, 0x20, 0x20, 0x20, 0x20, 0x20, 0x20, 0x3C, 0x64, 0x69, 0x76, 0x20, 0x63, 0x6C, 
0x61, 0x73, 0x73, 0x3D, 0x22, 0x70, 0x72, 0x6F, 0x67, 0x72, 0x65, 0x73, 0x73, 0x2D, 0x63, 0x6F, 
0x6E, 0x74, 0x61, 0x69, 0x6E, 0x65, 0x72, 0x22, 0x3E, 0x0D, 0x0A, 0x20, 0x20, 0x20, 0x20, 0x20, 
0x20, 0x20, 0x20, 0x20, 0x20, 0x20, 0x20, 0x3C, 0x64, 0x69, 0x76, 0x20, 0x63, 0x6C, 0x61, 0x73, 
0x73, 0x3D, 0x22, 0x70, 0x72, 0x6F, 0x67, 0x72, 0x65, 0x73, 0x73, 0x2D, 0x63, 0x69, 0x72, 0x63, 
0x6C, 0x65, 0x22, 0x3E, 0x0D, 0x0A, 0x20, 0x20, 0x20, 0x20, 0x20, 0x20, 0x20, 0x20, 0x20, 0x20, 
0x20, 0x20, 0x20, 0x20, 0x20, 0x20, 0x3C, 0x73, 0x70, 0x61, 0x6E, 0x20, 0x69, 0x64, 0x3D, 0x22, 
0x70, 0x72, 0x6F, 0x67, 0x72, 0x65, 0x73, 0x73, 0x2D, 0x74, 0x65, 0x78, 0x74, 0x22, 0x3E, 0x30, 
0x25, 0x3C, 0x2F, 0x73, 0x70, 0x61, 0x6E, 0x3E, 0x0D, 0x0A, 0x20, 0x20, 0x20, 0x20, 0x20, 0x20, 
0x20, 0x20, 0x20, 0x20, 0x20, 0x20, 0x3C, 0x2F, 0x64, 0x69, 0x76, 0x3E, 0x0D, 0x0A, 0x20, 0x20, 
0x20, 0x20, 0x20, 0x20, 0x20, 0x20, 0x3C, 0x2F, 0x64, 0x69, 0x76, 0x3E, 0x0D, 0x0A, 0x20, 0x20, 
0x20, 0x20, 0x3C, 0x2F, 0x64, 0x69, 0x76, 0x3E, 0x0D, 0x0A, 0x0D, 0x0A, 0x20, 0x20, 0x20, 0x20, 
0x3C, 0x73, 0x63, 0x72, 0x69, 0x70, 0x74, 0x3E, 0x0D, 0x0A, 0x20, 0x20, 0x20, 0x20, 0x20, 0x20, 
0x20, 0x20, 0x63, 0x6F, 0x6E, 0x73, 0x74, 0x20, 0x66, 0x69, 0x6C, 0x65, 0x4D, 0x61, 0x6E, 0x61, 
0x67, 0x65, 0x72, 0x20, 0x3D, 0x20, 0x64, 0x6F, 0x63, 0x75, 0x6D, 0x65, 0x6E, 0x74, 0x2E, 0x67, 
0x65, 0x74, 0x45, 0x6C, 0x65, 0x6D, 0x65, 0x6E, 0x74, 0x42, 0x79, 0x49, 0x64, 0x28, 0x27, 0x66, 
0x69, 0x6C, 0x65, 0x2D, 0x6D, 0x61, 0x6E, 0x61, 0x67, 0x65, 0x72, 0x27, 0x29, 0x3B, 0x0D, 0x0A, 
0x20, 0x20, 0x20, 0x20, 0x20, 0x20, 0x20, 0x20, 0x63, 0x6F, 0x6E, 0x73, 0x74, 0x20, 0x6E, 0x6F, 
0x46, 0x69, 0x6C, 0x65, 0x73, 0x4D, 0x65, 0x73, 0x73, 0x61, 0x67, 0x65, 0x20, 0x3D, 0x20, 0x64, 
0x6F, 0x63, 0x75, 0x6D, 0x65, 0x6E, 0x74, 0x2E, 0x67, 0x65, 0x74, 0x45, 0x6C, 0x65, 0x6D, 0x65, 
0x6E, 0x74, 0x42, 0x79, 0x49, 0x64, 0x28, 0x27, 0x6E, 0x6F, 0x2D, 0x66, 0x69, 0x6C, 0x65, 0x73, 
0x2D, 0x6D, 0x65, 0x73, 0x73, 0x61, 0x67, 0x65, 0x27, 0x29, 0x3B, 0x0D, 0x0A, 0x20, 0x20, 0x20, 
0x20, 0x20, 0x20, 0x20, 0x20, 0x63, 0x6F, 0x6E, 0x73, 0x74, 0x20, 0x66, 0x69, 0x6C, 0x65, 0x55, 
0x70, 0x6C, 0x6F, 0x61, 0x64, 0x49, 0x6E, 0x70, 0x75, 0x74, 0x20, 0x3D, 0x20, 0x64, 0x6F, 0x63, 
0x75, 0x6D, 0x65, 0x6E, 0x74, 0x2E, 0x67, 0x65, 0x74, 0x45, 0x6C, 0x65, 0x6D, 0x65, 0x6E, 0x74, 
0x42, 0x79, 0x49, 0x64, 0x28, 0x27, 0x66, 0x69, 0x6C, 0x65, 0x2D, 0x75, 0x70, 0x6C, 0x6F, 0x61, 
0x64, 0x27, 0x29, 0x3B, 0x0D, 0x0A, 0x20, 0x20, 0x20, 0x20, 0x20, 0x20, 0x20, 0x20, 0x63, 0x6F, 
0x6E, 0x73, 0x74, 0x20, 0x62, 0x61, 0x63, 0x6B, 0x42, 0x75, 0x74, 0x74, 0x6F, 0x6E, 0x20, 0x3D, 
0x20, 0x64, 0x6F, 0x63, 0x75, 0x6D, 0x65, 0x6E, 0x74, 0x2E, 0x67, 0x65, 0x74, 0x45, 0x6C, 0x65, 
0x6D, 0x65, 0x6E, 0x74, 0x42, 0x79, 0x49, 0x64, 0x28, 0x27, 0x62, 0x61, 0x63, 0x6B, 0x2D, 0x62, 
0x75, 0x74, 0x74, 0x6F, 0x6E, 0x27, 0x29, 0x3B, 0x0D, 0x0A, 0x20, 0x20, 0x20, 0x20, 0x20, 0x20, 
0x20, 0x20, 0x63, 0x6F, 0x6E, 0x73, 0x74, 0x20, 0x75, 0x70, 0x6C, 0x6F, 0x61, 0x64, 0x42, 0x75, 
0x74, 0x74, 0x6F, 0x6E, 0x20, 0x3D, 0x20, 0x64, 0x6F, 0x63, 0x75, 0x6D, 0x65, 0x6E, 0x74, 0x2E, 
0x67, 0x65, 0x74, 0x45, 0x6C, 0x65, 0x6D, 0x65, 0x6E, 0x74, 0x42, 0x79, 0x49, 0x64, 0x28, 0x27, 
0x75, 0x70, 0x6C, 0x6F, 0x61, 0x64, 0x2D, 0x62, 0x75, 0x74, 0x74, 0x6F, 0x6E, 0x27, 0x29, 0x3B, 
0x0D, 0x0A, 0x20, 0x20, 0x20, 0x20, 0x20, 0x20, 0x20, 0x20, 0x63, 0x6F, 0x6E, 0x73, 0x74, 0x20, 
0x75, 0x70, 0x6C, 0x6F, 0x61, 0x64, 0x4D, 0x6F, 0x64, 0x61, 0x6C, 0x20, 0x3D, 0x20, 0x64, 0x6F, 
0x63, 0x75, 0x6D, 0x65, 0x6E, 0x74, 0x2E, 0x67, 0x65, 0x74, 0x45, 0x6C, 0x65, 0x6D, 0x65, 0x6E, 
0x74, 0x42, 0x79, 0x49, 0x64, 0x28, 0x27, 0x75, 0x70, 0x6C, 0x6F, 0x61, 0x64, 0x2D, 0x6D, 0x6F, 
0x64, 0x61, 0x6C, 0x27, 0x29, 0x3B, 0x0D, 0x0A, 0x20, 0x20, 0x20, 0x20, 0x20, 0x20, 0x20, 0x20, 
0x63, 0x6F, 0x6E, 0x73, 0x74, 0x20, 0x70, 0x72, 0x6F, 0x67, 0x72, 0x65, 0x73, 0x73, 0x43, 0x69, 
0x72, 0x63, 0x6C, 0x65, 0x20, 0x3D, 0x20, 0x64, 0x6F, 0x63, 0x75, 0x6D, 0x65, 0x6E, 0x74, 0x2E, 
0x71, 0x75, 0x65, 0x72, 0x79, 0x53, 0x65, 0x6C, 0x65, 0x63, 0x74, 0x6F, 0x72, 0x28, 0x27, 0x2E, 
0x70, 0x72, 0x6F, 0x67, 0x72, 0x65, 0x73, 0x73, 0x2D, 0x63, 0x69, 0x72, 0x63, 0x6C, 0x65, 0x27, 
0x29, 0x3B, 0x0D, 0x0A, 0x20, 0x20, 0x20, 0x20, 0x20, 0x20, 0x20, 0x20, 0x63, 0x6F, 0x6E, 0x73, 
0x74, 0x20, 0x70, 0x72, 0x6F, 0x67, 0x72, 0x65, 0x73, 0x73, 0x54, 0x65, 0x78, 0x74, 0x20, 0x3D, 
0x20, 0x64, 0x6F, 0x63, 0x75, 0x6D, 0x65, 0x6E, 0x74, 0x2E, 0x67, 0x65, 0x74, 0x45, 0x6C, 0x65, 
0x6D, 0x65, 0x6E, 0x74, 0x42, 0x79, 0x49, 0x64, 0x28, 0x27, 0x70, 0x72, 0x6F, 0x67, 0x72, 0x65, 
0x73, 0x73, 0x2D, 0x74, 0x65, 0x78, 0x74, 0x27, 0x29, 0x3B, 0x0D, 0x0A, 0x0D, 0x0A, 0x20, 0x20, 
0x20, 0x20, 0x20, 0x20, 0x20, 0x20, 0x6C, 0x65, 0x74, 0x20, 0x63, 0x75, 0x72, 0x72, 0x65, 0x6E, 
0x74, 0x50, 0x61, 0x74, 0x68, 0x20, 0x3D, 0x20, 0x5B, 0x27, 0x2F, 0x27, 0x5D, 0x3B, 0x0D, 0x0A, 
0x0D, 0x0A, 0x20, 0x20, 0x20, 0x20, 0x20, 0x20, 0x20, 0x20, 0x66, 0x75, 0x6E, 0x63, 0x74, 0x69, 
0x6F, 0x6E, 0x20, 0x66, 0x65, 0x74, 0x63, 0x68, 0x46, 0x6F, 0x6C, 0x64, 0x65, 0x72, 0x43, 0x6F, 
0x6E, 0x74, 0x65, 0x6E, 0x74, 0x73, 0x28, 0x70, 0x61, 0x74, 0x68, 0x29, 0x20, 0x7B, 0x0D, 0x0A, 
0x20, 0x20, 0x20, 0x20, 0x20, 0x20, 0x20, 0x20, 0x20, 0x20, 0x20, 0x20, 0x66, 0x65, 0x74, 0x63, 
0x68, 0x28, 0x60, 0x2F, 0x67, 0x65, 0x74, 0x2D, 0x66, 0x6F, 0x6C, 0x64, 0x65, 0x72, 0x2D, 0x63, 
0x6F, 0x6E, 0x74, 0x65, 0x6E, 0x74, 0x73, 0x3F, 0x70, 0x61, 0x74, 0x68, 0x3D, 0x24, 0x7B, 0x70, 
0x61, 0x74, 0x68, 0x2E, 0x6A, 0x6F, 0x69, 0x6E, 0x28, 0x27, 0x2F, 0x27, 0x29, 0x7D, 0x60, 0x29, 
0x0D, 0x0A, 0x20, 0x20, 0x20, 0x20, 0x20, 0x20, 0x20, 0x20, 0x20, 0x20, 0x20, 0x20, 0x20, 0x20, 
0x20, 0x20, 0x2E, 0x74, 0x68, 0x65, 0x6E, 0x28, 0x72, 0x65, 0x73, 0x70, 0x6F, 0x6E, 0x73, 0x65, 
0x20, 0x3D, 0x3E, 0x20, 0x72, 0x65, 0x73, 0x70, 0x6F, 0x6E, 0x73, 0x65, 0x2E, 0x74, 0x65, 0x78, 
0x74, 0x28, 0x29, 0x29, 0x0D, 0x0A, 0x20, 0x20, 0x20, 0x20, 0x20, 0x20, 0x20, 0x20, 0x20, 0x20, 
0x20, 0x20, 0x20, 0x20, 0x20, 0x20, 0x2E, 0x74, 0x68, 0x65, 0x6E, 0x28, 0x64, 0x61, 0x74, 0x61, 
0x20, 0x3D, 0x3E, 0x20, 0x7B, 0x0D, 0x0A, 0x20, 0x20, 0x20, 0x20, 0x20, 0x20, 0x20, 0x20, 0x20, 
0x20, 0x20, 0x20, 0x20, 0x20, 0x20, 0x20, 0x20, 0x20, 0x20, 0x20, 0x63, 0x6F, 0x6E, 0x73, 0x74, 
0x20, 0x69, 0x74, 0x65, 0x6D, 0x73, 0x20, 0x3D, 0x20, 0x70, 0x61, 0x72, 0x73, 0x65, 0x44, 0x61, 
0x74, 0x61, 0x28, 0x64, 0x61, 0x74, 0x61, 0x29, 0x3B, 0x0D, 0x0A, 0x20, 0x20, 0x20, 0x20, 0x20, 
0x20, 0x20, 0x20, 0x20, 0x20, 0x20, 0x20, 0x20, 0x20, 0x20, 0x20, 0x20, 0x20, 0x20, 0x20, 0x64, 
0x69, 0x73, 0x70, 0x6C, 0x61, 0x79, 0x49, 0x74, 0x65, 0x6D, 0x73, 0x28, 0x69, 0x74, 0x65, 0x6D, 
0x73, 0x29, 0x3B, 0x0D, 0x0A, 0x20, 0x20, 0x20, 0x20, 0x20, 0x20, 0x20, 0x20, 0x20, 0x20, 0x20, 
0x20, 0x20, 0x20, 0x20, 0x20, 0x7D, 0x29, 0x0D, 0x0A, 0x20, 0x20, 0x20, 0x20, 0x20, 0x20, 0x20, 
0x20, 0x20, 0x20, 0x20, 0x20, 0x20, 0x20, 0x20, 0x20, 0x2E, 0x63, 0x61, 0x74, 0x63, 0x68, 0x28, 
0x65, 0x72, 0x72, 0x6F, 0x72, 0x20, 0x3D, 0x3E, 0x20, 0x63, 0x6F, 0x6E, 0x73, 0x6F, 0x6C, 0x65, 
0x2E, 0x65, 0x72, 0x72, 0x6F, 0x72, 0x28, 0x27, 0x45, 0x72, 0x72, 0x6F, 0x72, 0x20, 0x66, 0x65, 
0x74, 0x63, 0x68, 0x69, 0x6E, 0x67, 0x20, 0x66, 0x6F, 0x6C, 0x64, 0x65, 0x72, 0x20, 0x63, 0x6F, 
0x6E, 0x74, 0x65, 0x6E, 0x74, 0x73, 0x3A, 0x27, 0x2C, 0x20, 0x65, 0x72, 0x72, 0x6F, 0x72, 0x29, 
0x29, 0x3B, 0x0D, 0x0A, 0x20, 0x20, 0x20, 0x20, 0x20, 0x20, 0x20, 0x20, 0x7D, 0x0D, 0x0A, 0x0D, 
0x0A, 0x20, 0x20, 0x20, 0x20, 0x20, 0x20, 0x20, 0x20, 0x66, 0x75, 0x6E, 0x63, 0x74, 0x69, 0x6F, 
0x6E, 0x20, 0x70, 0x61, 0x72, 0x73, 0x65, 0x44, 0x61, 0x74, 0x61, 0x28, 0x64, 0x61, 0x74, 0x61, 
0x29, 0x20, 0x7B, 0x0D, 0x0A, 0x20, 0x20, 0x20, 0x20, 0x20, 0x20, 0x20, 0x20, 0x20, 0x20, 0x20, 
0x20, 0x72, 0x65, 0x74, 0x75, 0x72, 0x6E, 0x20, 0x64, 0x61, 0x74, 0x61, 0x2E, 0x73, 0x70, 0x6C, 
0x69, 0x74, 0x28, 0x27, 0x3A, 0x27, 0x29, 0x2E, 0x6D, 0x61, 0x70, 0x28, 0x69, 0x74, 0x65, 0x6D, 
0x20, 0x3D, 0x3E, 0x20, 0x7B, 0x0D, 0x0A, 0x20, 0x20, 0x20, 0x20, 0x20, 0x20, 0x20, 0x20, 0x20, 
0x20, 0x20, 0x20, 0x20, 0x20, 0x20, 0x20, 0x63, 0x6F, 0x6E, 0x73, 0x74, 0x20, 0x5B, 0x74, 0x79, 
0x70, 0x65, 0x2C, 0x20, 0x6E, 0x61, 0x6D, 0x65, 0x2C, 0x20, 0x73, 0x69, 0x7A, 0x65, 0x5D, 0x20, 
0x3D, 0x20, 0x69, 0x74, 0x65, 0x6D, 0x2E, 0x73, 0x70, 0x6C, 0x69, 0x74, 0x28, 0x27, 0x2C, 0x27, 
0x29, 0x3B, 0x0D, 0x0A, 0x20, 0x20, 0x20, 0x20, 0x20, 0x20, 0x20, 0x20, 0x20, 0x20, 0x20, 0x20, 
0x20, 0x20, 0x20, 0x20, 0x72, 0x65, 0x74, 0x75, 0x72, 0x6E, 0x20, 0x7B, 0x0D, 0x0A, 0x20, 0x20, 
0x20, 0x20, 0x20, 0x20, 0x20, 0x20, 0x20, 0x20, 0x20, 0x20, 0x20, 0x20, 0x20, 0x20, 0x20, 0x20, 
0x20, 0x20, 0x74, 0x79, 0x70, 0x65, 0x3A, 0x20, 0x74, 0x79, 0x70, 0x65, 0x20, 0x3D, 0x3D, 0x20, 
0x27, 0x31, 0x27, 0x20, 0x3F, 0x20, 0x27, 0x66, 0x6F, 0x6C, 0x64, 0x65, 0x72, 0x27, 0x20, 0x3A, 
0x20, 0x27, 0x66, 0x69, 0x6C, 0x65, 0x27, 0x2C, 0x0D, 0x0A, 0x20, 0x20, 0x20, 0x20, 0x20, 0x20, 
0x20, 0x20, 0x20, 0x20, 0x20, 0x20, 0x20, 0x20, 0x20, 0x20, 0x20, 0x20, 0x20, 0x20, 0x6E, 0x61, 
0x6D, 0x65, 0x2C, 0x0D, 0x0A, 0x20, 0x20, 0x20, 0x20, 0x20, 0x20, 0x20, 0x20, 0x20, 0x20, 0x20, 
0x20, 0x20, 0x20, 0x20, 0x20, 0x20, 0x20, 0x20, 0x20, 0x73, 0x69, 0x7A, 0x65, 0x3A, 0x20, 0x73, 
0x69, 0x7A, 0x65, 0x20, 0x3D, 0x3D, 0x3D, 0x20, 0x27, 0x2D, 0x27, 0x20, 0x3F, 0x20, 0x6E, 0x75, 
0x6C, 0x6C, 0x20, 0x3A, 0x20, 0x70, 0x61, 0x72, 0x73, 0x65, 0x49, 0x6E, 0x74, 0x28, 0x73, 0x69, 
0x7A, 0x65, 0x2C, 0x20, 0x31, 0x30, 0x29, 0x2C, 0x0D, 0x0A, 0x20, 0x20, 0x20, 0x20, 0x20, 0x20, 
0x20, 0x20, 0x20, 0x20, 0x20, 0x20, 0x20, 0x20, 0x20, 0x20, 0x7D, 0x3B, 0x0D, 0x0A, 0x20, 0x20, 
0x20, 0x20, 0x20, 0x20, 0x20, 0x20, 0x20, 0x20, 0x20, 0x20, 0x7D, 0x29, 0x3B, 0x0D, 0x0A, 0x20, 
0x20, 0x20, 0x20, 0x20, 0x20, 0x20, 0x20, 0x7D, 0x0D, 0x0A, 0x0D, 0x0A, 0x20, 0x20, 0x20, 0x20, 
0x20, 0x20, 0x20, 0x20, 0x66, 0x75, 0x6E, 0x63, 0x74, 0x69, 0x6F, 0x6E, 0x20, 0x63, 0x72, 0x65, 
0x61, 0x74, 0x65, 0x49, 0x74, 0x65, 0x6D, 0x45, 0x6C, 0x65, 0x6D, 0x65, 0x6E, 0x74, 0x28, 0x69, 
0x74, 0x65, 0x6D, 0x29, 0x20, 0x7B, 0x0D, 0x0A, 0x20, 0x20, 0x20, 0x20, 0x63, 0x6F, 0x6E, 0x73, 
0x74, 0x20, 0x69, 0x74, 0x65, 0x6D, 0x45, 0x6C, 0x65, 0x6D, 0x65, 0x6E, 0x74, 0x20, 0x3D, 0x20, 
0x64, 0x6F, 0x63, 0x75, 0x6D, 0x65, 0x6E, 0x74, 0x2E, 0x63, 0x72, 0x65, 0x61, 0x74, 0x65, 0x45, 
0x6C, 0x65, 0x6D, 0x65, 0x6E, 0x74, 0x28, 0x27, 0x64, 0x69, 0x76, 0x27, 0x29, 0x3B, 0x0D, 0x0A, 
0x20, 0x20, 0x20, 0x20, 0x69, 0x74, 0x65, 0x6D, 0x45, 0x6C, 0x65, 0x6D, 0x65, 0x6E, 0x74, 0x2E, 
0x63, 0x6C, 0x61, 0x73, 0x73, 0x4C, 0x69, 0x73, 0x74, 0x2E, 0x61, 0x64, 0x64, 0x28, 0x27, 0x69, 
0x74, 0x65, 0x6D, 0x27, 0x29, 0x3B, 0x0D, 0x0A, 0x0D, 0x0A, 0x20, 0x20, 0x20, 0x20, 0x2F, 0x2F, 
0x20, 0x41, 0x64, 0x64, 0x20, 0x65, 0x76, 0x65, 0x6E, 0x74, 0x20, 0x6C, 0x69, 0x73, 0x74, 0x65, 
0x6E, 0x65, 0x72, 0x20, 0x74, 0x6F, 0x20, 0x6F, 0x70, 0x65, 0x6E, 0x20, 0x74, 0x68, 0x65, 0x20, 
0x66, 0x6F, 0x6C, 0x64, 0x65, 0x72, 0x20, 0x77, 0x68, 0x65, 0x6E, 0x20, 0x63, 0x6C, 0x69, 0x63, 
0x6B, 0x69, 0x6E, 0x67, 0x20, 0x61, 0x6E, 0x79, 0x77, 0x68, 0x65, 0x72, 0x65, 0x20, 0x6F, 0x6E, 
0x20, 0x74, 0x68, 0x65, 0x20, 0x63, 0x61, 0x72, 0x64, 0x0D, 0x0A, 0x20, 0x20, 0x20, 0x20, 0x69, 
0x66, 0x20, 0x28, 0x69, 0x74, 0x65, 0x6D, 0x2E, 0x74, 0x79, 0x70, 0x65, 0x20, 0x3D, 0x3D, 0x3D, 
0x20, 0x27, 0x66, 0x6F, 0x6C, 0x64, 0x65, 0x72, 0x27, 0x29, 0x20, 0x7B, 0x0D, 0x0A, 0x20, 0x20, 
0x20, 0x20, 0x20, 0x20, 0x20, 0x20, 0x69, 0x74, 0x65, 0x6D, 0x45, 0x6C, 0x65, 0x6D, 0x65, 0x6E, 
0x74, 0x2E, 0x61, 0x64, 0x64, 0x45, 0x76, 0x65, 0x6E, 0x74, 0x4C, 0x69, 0x73, 0x74, 0x65, 0x6E, 
0x65, 0x72, 0x28, 0x27, 0x63, 0x6C, 0x69, 0x63, 0x6B, 0x27, 0x2C, 0x20, 0x28, 0x65, 0x76, 0x65, 
0x6E, 0x74, 0x29, 0x20, 0x3D, 0x3E, 0x20, 0x7B, 0x0D, 0x0A, 0x20, 0x20, 0x20, 0x20, 0x20, 0x20, 
0x20, 0x20, 0x20, 0x20, 0x20, 0x20, 0x2F, 0x2F, 0x20, 0x50, 0x72, 0x65, 0x76, 0x65, 0x6E, 0x74, 
0x20, 0x74, 0x68, 0x65, 0x20, 0x65, 0x76, 0x65, 0x6E, 0x74, 0x20, 0x69, 0x66, 0x20, 0x74, 0x68, 
0x65, 0x20, 0x64, 0x65, 0x6C, 0x65, 0x74, 0x65, 0x20, 0x62, 0x75, 0x74, 0x74, 0x6F, 0x6E, 0x20, 
0x69, 0x73, 0x20, 0x63, 0x6C, 0x69, 0x63, 0x6B, 0x65, 0x64, 0x0D, 0x0A, 0x20, 0x20, 0x20, 0x20, 
0x20, 0x20, 0x20, 0x20, 0x20, 0x20, 0x20, 0x20, 0x69, 0x66, 0x20, 0x28, 0x65, 0x76, 0x65, 0x6E, 
0x74, 0x2E, 0x74, 0x61, 0x72, 0x67, 0x65, 0x74, 0x2E, 0x74, 0x61, 0x67, 0x4E, 0x61, 0x6D, 0x65, 
0x20, 0x3D, 0x3D, 0x3D, 0x20, 0x27, 0x42, 0x55, 0x54, 0x54, 0x4F, 0x4E, 0x27, 0x29, 0x20, 0x72, 
0x65, 0x74, 0x75, 0x72, 0x6E, 0x3B, 0x0D, 0x0A, 0x20, 0x20, 0x20, 0x20, 0x20, 0x20, 0x20, 0x20, 
0x20, 0x20, 0x20, 0x20, 0x6F, 0x70, 0x65, 0x6E, 0x46, 0x6F, 0x6C, 0x64, 0x65, 0x72, 0x28, 0x69, 
0x74, 0x65, 0x6D, 0x2E, 0x6E, 0x61, 0x6D, 0x65, 0x29, 0x3B, 0x0D, 0x0A, 0x20, 0x20, 0x20, 0x20, 
0x20, 0x20, 0x20, 0x20, 0x7D, 0x29, 0x3B, 0x0D, 0x0A, 0x20, 0x20, 0x20, 0x20, 0x7D, 0x0D, 0x0A, 
0x0D, 0x0A, 0x20, 0x20, 0x20, 0x20, 0x63, 0x6F, 0x6E, 0x73, 0x74, 0x20, 0x69, 0x63, 0x6F, 0x6E, 
0x45, 0x6C, 0x65, 0x6D, 0x65, 0x6E, 0x74, 0x20, 0x3D, 0x20, 0x64, 0x6F, 0x63, 0x75, 0x6D, 0x65, 
0x6E, 0x74, 0x2E, 0x63, 0x72, 0x65, 0x61, 0x74, 0x65, 0x45, 0x6C, 0x65, 0x6D, 0x65, 0x6E, 0x74, 
0x28, 0x27, 0x64, 0x69, 0x76, 0x27, 0x29, 0x3B, 0x0D, 0x0A, 0x20, 0x20, 0x20, 0x20, 0x69, 0x63, 
0x6F, 0x6E, 0x45, 0x6C, 0x65, 0x6D, 0x65, 0x6E, 0x74, 0x2E, 0x63, 0x6C, 0x61, 0x73, 0x73, 0x4C, 
0x69, 0x73, 0x74, 0x2E, 0x61, 0x64, 0x64, 0x28, 0x27, 0x69, 0x63, 0x6F, 0x6E, 0x27, 0x29, 0x3B, 
0x0D, 0x0A, 0x20, 0x20, 0x20, 0x20, 0x69, 0x63, 0x6F, 0x6E, 0x45, 0x6C, 0x65, 0x6D, 0x65, 0x6E, 
0x74, 0x2E, 0x74, 0x65, 0x78, 0x74, 0x43, 0x6F, 0x6E, 0x74, 0x65, 0x6E, 0x74, 0x20, 0x3D, 0x20, 
0x69, 0x74, 0x65, 0x6D, 0x2E, 0x74, 0x79, 0x70, 0x65, 0x20, 0x3D, 0x3D, 0x3D, 0x20, 0x27, 0x66, 
0x6F, 0x6C, 0x64, 0x65, 0x72, 0x27, 0x20, 0x3F, 0x20, 0x27, 0xF0, 0x9F, 0x93, 0x81, 0x27, 0x20, 
0x3A, 0x20, 0x27, 0xF0, 0x9F, 0x93, 0x84, 0x27, 0x3B, 0x0D, 0x0A, 0x0D, 0x0A, 0x20, 0x20, 0x20, 
0x20, 0x63, 0x6F, 0x6E, 0x73, 0x74, 0x20, 0x6E, 0x61, 0x6D, 0x65, 0x45, 0x6C, 0x65, 0x6D, 0x65, 
0x6E, 0x74, 0x20, 0x3D, 0x20, 0x64, 0x6F, 0x63, 0x75, 0x6D, 0x65, 0x6E, 0x74, 0x2E, 0x63, 0x72, 
0x65, 0x61, 0x74, 0x65, 0x45, 0x6C, 0x65, 0x6D, 0x65, 0x6E, 0x74, 0x28, 0x27, 0x64, 0x69, 0x76, 
0x27, 0x29, 0x3B, 0x0D, 0x0A, 0x20, 0x20, 0x20, 0x20, 0x6E, 0x61, 0x6D, 0x65, 0x45, 0x6C, 0x65, 
0x6D, 0x65, 0x6E, 0x74, 0x2E, 0x63, 0x6C, 0x61, 0x73, 0x73, 0x4C, 0x69, 0x73, 0x74, 0x2E, 0x61, 
0x64, 0x64, 0x28, 0x27, 0x6E, 0x61, 0x6D, 0x65, 0x27, 0x29, 0x3B, 0x0D, 0x0A, 0x20, 0x20, 0x20, 
0x20, 0x6E, 0x61, 0x6D, 0x65, 0x45, 0x6C, 0x65, 0x6D, 0x65, 0x6E, 0x74, 0x2E, 0x74, 0x65, 0x78, 
0x74, 0x43, 0x6F, 0x6E, 0x74, 0x65, 0x6E, 0x74, 0x20, 0x3D, 0x20, 0x69, 0x74, 0x65, 0x6D, 0x2E, 
0x6E, 0x61, 0x6D, 0x65, 0x3B, 0x0D, 0x0A, 0x0D, 0x0A, 0x20, 0x20, 0x20, 0x20, 0x63, 0x6F, 0x6E, 
0x73, 0x74, 0x20, 0x73, 0x69, 0x7A, 0x65, 0x45, 0x6C, 0x65, 0x6D, 0x65, 0x6E, 0x74, 0x20, 0x3D, 
0x20, 0x64, 0x6F, 0x63, 0x75, 0x6D, 0x65, 0x6E, 0x74, 0x2E, 0x63, 0x72, 0x65, 0x61, 0x74, 0x65, 
0x45, 0x6C, 0x65, 0x6D, 0x65, 0x6E, 0x74, 0x28, 0x27, 0x64, 0x69, 0x76, 0x27, 0x29, 0x3B, 0x0D, 
0x0A, 0x20, 0x20, 0x20, 0x20, 0x69, 0x66, 0x20, 0x28, 0x69, 0x74, 0x65, 0x6D, 0x2E, 0x73, 0x69, 
0x7A, 0x65, 0x20, 0x21, 0x3D, 0x3D, 0x20, 0x6E, 0x75, 0x6C, 0x6C, 0x29, 0x20, 0x7B, 0x0D, 0x0A, 
0x20, 0x20, 0x20, 0x20, 0x20, 0x20, 0x20, 0x20, 0x73, 0x69, 0x7A, 0x65, 0x45, 0x6C, 0x65, 0x6D, 
0x65, 0x6E, 0x74, 0x2E, 0x74, 0x65, 0x78, 0x74, 0x43, 0x6F, 0x6E, 0x74, 0x65, 0x6E, 0x74, 0x20, 
0x3D, 0x20, 0x60, 0x24, 0x7B, 0x28, 0x69, 0x74, 0x65, 0x6D, 0x2E, 0x73, 0x69, 0x7A, 0x65, 0x20, 
0x2F, 0x20, 0x31, 0x30, 0x32, 0x34, 0x29, 0x2E, 0x74, 0x6F, 0x46, 0x69, 0x78, 0x65, 0x64, 0x28, 
0x32, 0x29, 0x7D, 0x20, 0x4B, 0x42, 0x60, 0x3B, 0x0D, 0x0A, 0x20, 0x20, 0x20, 0x20, 0x20, 0x20, 
0x20, 0x20, 0x73, 0x69, 0x7A, 0x65, 0x45, 0x6C, 0x65, 0x6D, 0x65, 0x6E, 0x74, 0x2E, 0x73, 0x74, 
0x79, 0x6C, 0x65, 0x2E, 0x63, 0x6F, 0x6C, 0x6F, 0x72, 0x20, 0x3D, 0x20, 0x27, 0x23, 0x36, 0x36, 
0x36, 0x27, 0x3B, 0x0D, 0x0A, 0x20, 0x20, 0x20, 0x20, 0x7D, 0x0D, 0x0A, 0x0D, 0x0A, 0x20, 0x20, 
0x20, 0x20, 0x69, 0x74, 0x65, 0x6D, 0x45, 0x6C, 0x65, 0x6D, 0x65, 0x6E, 0x74, 0x2E, 0x61, 0x70, 
0x70, 0x65, 0x6E, 0x64, 0x43, 0x68, 0x69, 0x6C, 0x64, 0x28, 0x69, 0x63, 0x6F, 0x6E, 0x45, 0x6C, 
0x65, 0x6D, 0x65, 0x6E, 0x74, 0x29, 0x3B, 0x0D, 0x0A, 0x20, 0x20, 0x20, 0x20, 0x69, 0x74, 0x65, 
0x6D, 0x45, 0x6C, 0x65, 0x6D, 0x65, 0x6E, 0x74, 0x2E, 0x61, 0x70, 0x70, 0x65, 0x6E, 0x64, 0x43, 
0x68, 0x69, 0x6C, 0x64, 0x28, 0x6E, 0x61, 0x6D, 0x65, 0x45, 0x6C, 0x65, 0x6D, 0x65, 0x6E, 0x74, 
0x29, 0x3B, 0x0D, 0x0A, 0x20, 0x20, 0x20, 0x20, 0x69, 0x66, 0x20, 0x28, 0x69, 0x74, 0x65, 0x6D, 
0x2E, 0x73, 0x69, 0x7A, 0x65, 0x20, 0x21, 0x3D, 0x3D, 0x20, 0x6E, 0x75, 0x6C, 0x6C, 0x29, 0x20, 
0x69, 0x74, 0x65, 0x6D, 0x45, 0x6C, 0x65, 0x6D, 0x65, 0x6E, 0x74, 0x2E, 0x61, 0x70, 0x70, 0x65, 
0x6E, 0x64, 0x43, 0x68, 0x69, 0x6C, 0x64, 0x28, 0x73, 0x69, 0x7A, 0x65, 0x45, 0x6C, 0x65, 0x6D, 
0x65, 0x6E, 0x74, 0x29, 0x3B, 0x0D, 0x0A, 0x0D, 0x0A, 0x20, 0x20, 0x20, 0x20, 0x69, 0x66, 0x20, 
0x28, 0x69, 0x74, 0x65, 0x6D, 0x2E, 0x74, 0x79, 0x70, 0x65, 0x20, 0x3D, 0x3D, 0x3D, 0x20, 0x27, 
0x66, 0x69, 0x6C, 0x65, 0x27, 0x29, 0x20, 0x7B, 0x0D, 0x0A, 0x20, 0x20, 0x20, 0x20, 0x20, 0x20, 
0x20, 0x20, 0x63, 0x6F, 0x6E, 0x73, 0x74, 0x20, 0x61, 0x63, 0x74, 0x69, 0x6F, 0x6E, 0x73, 0x45, 
0x6C, 0x65, 0x6D, 0x65, 0x6E, 0x74, 0x20, 0x3D, 0x20, 0x64, 0x6F, 0x63, 0x75, 0x6D, 0x65, 0x6E, 
0x74, 0x2E, 0x63, 0x72, 0x65, 0x61, 0x74, 0x65, 0x45, 0x6C, 0x65, 0x6D, 0x65, 0x6E, 0x74, 0x28, 
0x27, 0x64, 0x69, 0x76, 0x27, 0x29, 0x3B, 0x0D, 0x0A, 0x20, 0x20, 0x20, 0x20, 0x20, 0x20, 0x20, 
0x20, 0x61, 0x63, 0x74, 0x69, 0x6F, 0x6E, 0x73, 0x45, 0x6C, 0x65, 0x6D, 0x65, 0x6E, 0x74, 0x2E, 
0x63, 0x6C, 0x61, 0x73, 0x73, 0x4C, 0x69, 0x73, 0x74, 0x2E, 0x61, 0x64, 0x64, 0x28, 0x27, 0x61, 
0x63, 0x74, 0x69, 0x6F, 0x6E, 0x73, 0x27, 0x29, 0x3B, 0x0D, 0x0A, 0x0D, 0x0A, 0x20, 0x20, 0x20, 
0x20, 0x20, 0x20, 0x20, 0x20, 0x63, 0x6F, 0x6E, 0x73, 0x74, 0x20, 0x64, 0x6F, 0x77, 0x6E, 0x6C, 
0x6F, 0x61, 0x64, 0x42, 0x75, 0x74, 0x74, 0x6F, 0x6E, 0x20, 0x3D, 0x20, 0x64, 0x6F, 0x63, 0x75, 
0x6D, 0x65, 0x6E, 0x74, 0x2E, 0x63, 0x72, 0x65, 0x61, 0x74, 0x65, 0x45, 0x6C, 0x65, 0x6D, 0x65, 
0x6E, 0x74, 0x28, 0x27, 0x62, 0x75, 0x74, 0x74, 0x6F, 0x6E, 0x27, 0x29, 0x3B, 0x0D, 0x0A, 0x20, 
0x20, 0x20, 0x20, 0x20, 0x20, 0x20, 0x20, 0x64, 0x6F, 0x77, 0x6E, 0x6C, 0x6F, 0x61, 0x64, 0x42, 
0x75, 0x74, 0x74, 0x6F, 0x6E, 0x2E, 0x74, 0x65, 0x78, 0x74, 0x43, 0x6F, 0x6E, 0x74, 0x65, 0x6E, 
0x74, 0x20, 0x3D, 0x20, 0x27, 0x44, 0x6F, 0x77, 0x6E, 0x6C, 0x6F, 0x61, 0x64, 0x27, 0x3B, 0x0D, 
0x0A, 0x20, 0x20, 0x20, 0x20, 0x20, 0x20, 0x20, 0x20, 0x64, 0x6F, 0x77, 0x6E, 0x6C, 0x6F, 0x61, 
0x64, 0x42, 0x75, 0x74, 0x74, 0x6F, 0x6E, 0x2E, 0x61, 0x64, 0x64, 0x45, 0x76, 0x65, 0x6E, 0x74, 
0x4C, 0x69, 0x73, 0x74, 0x65, 0x6E, 0x65, 0x72, 0x28, 0x27, 0x63, 0x6C, 0x69, 0x63, 0x6B, 0x27, 
0x2C, 0x20, 0x28, 0x29, 0x20, 0x3D, 0x3E, 0x20, 0x64, 0x6F, 0x77, 0x6E, 0x6C, 0x6F, 0x61, 0x64, 
0x46, 0x69, 0x6C, 0x65, 0x28, 0x69, 0x74, 0x65, 0x6D, 0x2E, 0x6E, 0x61, 0x6D, 0x65, 0x29, 0x29, 
0x3B, 0x0D, 0x0A, 0x20, 0x20, 0x20, 0x20, 0x20, 0x20, 0x20, 0x20, 0x61, 0x63, 0x74, 0x69, 0x6F, 
0x6E, 0x73, 0x45, 0x6C, 0x65, 0x6D, 0x65, 0x6E, 0x74, 0x2E, 0x61, 0x70, 0x70, 0x65, 0x6E, 0x64, 
0x43, 0x68, 0x69, 0x6C, 0x64, 0x28, 0x64, 0x6F, 0x77, 0x6E, 0x6C, 0x6F, 0x61, 0x64, 0x42, 0x75, 
0x74, 0x74, 0x6F, 0x6E, 0x29, 0x3B, 0x0D, 0x0A, 0x0D, 0x0A, 0x20, 0x20, 0x20, 0x20, 0x20, 0x20, 
0x20, 0x20, 0x63, 0x6F, 0x6E, 0x73, 0x74, 0x20, 0x64, 0x65, 0x6C, 0x65, 0x74, 0x65, 0x42, 0x75, 
0x74, 0x74, 0x6F, 0x6E, 0x20, 0x3D, 0x20, 0x64, 0x6F, 0x63, 0x75, 0x6D, 0x65, 0x6E, 0x74, 0x2E, 
0x63, 0x72, 0x65, 0x61, 0x74, 0x65, 0x45, 0x6C, 0x65, 0x6D, 0x65, 0x6E, 0x74, 0x28, 0x27, 0x62, 
0x75, 0x74, 0x74, 0x6F, 0x6E, 0x27, 0x29, 0x3B, 0x0D, 0x0A, 0x20, 0x20, 0x20, 0x20, 0x20, 0x20, 
0x20, 0x20, 0x64, 0x65, 0x6C, 0x65, 0x74, 0x65, 0x42, 0x75, 0x74, 0x74, 0x6F, 0x6E, 0x2E, 0x74, 
0x65, 0x78, 0x74, 0x43, 0x6F, 0x6E, 0x74, 0x65, 0x6E, 0x74, 0x20, 0x3D, 0x20, 0x27, 0x44, 0x65, 
0x6C, 0x65, 0x74, 0x65, 0x27, 0x3B, 0x0D, 0x0A, 0x20, 0x20, 0x20, 0x20, 0x20, 0x20, 0x20, 0x20, 
0x64, 0x65, 0x6C, 0x65, 0x74, 0x65, 0x42, 0x75, 0x74, 0x74, 0x6F, 0x6E, 0x2E, 0x61, 0x64, 0x64, 
0x45, 0x76, 0x65, 0x6E, 0x74, 0x4C, 0x69, 0x73, 0x74, 0x65, 0x6E, 0x65, 0x72, 0x28, 0x27, 0x63, 
0x6C, 0x69, 0x63, 0x6B, 0x27, 0x2C, 0x20, 0x28, 0x29, 0x20, 0x3D, 0x3E, 0x20, 0x64, 0x65, 0x6C, 
0x65, 0x74, 0x65, 0x46, 0x69, 0x6C, 0x65, 0x28, 0x69, 0x74, 0x65, 0x6D, 0x2E, 0x6E, 0x61, 0x6D, 
0x65, 0x29, 0x29, 0x3B, 0x0D, 0x0A, 0x20, 0x20, 0x20, 0x20, 0x20, 0x20, 0x20, 0x20, 0x61, 0x63, 
0x74, 0x69, 0x6F, 0x6E, 0x73, 0x45, 0x6C, 0x65, 0x6D, 0x65, 0x6E, 0x74, 0x2E, 0x61, 0x70, 0x70, 
0x65, 0x6E, 0x64, 0x43, 0x68, 0x69, 0x6C, 0x64, 0x28, 0x64, 0x65, 0x6C, 0x65, 0x74, 0x65, 0x42, 
0x75, 0x74, 0x74, 0x6F, 0x6E, 0x29, 0x3B, 0x0D, 0x0A, 0x0D, 0x0A, 0x20, 0x20, 0x20, 0x20, 0x20, 
0x20, 0x20, 0x20, 0x69, 0x74, 0x65, 0x6D, 0x45, 0x6C, 0x65, 0x6D, 0x65, 0x6E, 0x74, 0x2E, 0x61, 
0x70, 0x70, 0x65, 0x6E, 0x64, 0x43, 0x68, 0x69, 0x6C, 0x64, 0x28, 0x61, 0x63, 0x74, 0x69, 0x6F, 
0x6E, 0x73, 0x45, 0x6C, 0x65, 0x6D, 0x65, 0x6E, 0x74, 0x29, 0x3B, 0x0D, 0x0A, 0x20, 0x20, 0x20, 
0x20, 0x7D, 0x20, 0x65, 0x6C, 0x73, 0x65, 0x20, 0x69, 0x66, 0x20, 0x28, 0x69, 0x74, 0x65, 0x6D, 
0x2E, 0x74, 0x79, 0x70, 0x65, 0x20, 0x3D, 0x3D, 0x3D, 0x20, 0x27, 0x66, 0x6F, 0x6C, 0x64, 0x65, 
0x72, 0x27, 0x29, 0x20, 0x7B, 0x0D, 0x0A, 0x20, 0x20, 0x20, 0x20, 0x20, 0x20, 0x20, 0x20, 0x63, 
0x6F, 0x6E, 0x73, 0x74, 0x20, 0x61, 0x63, 0x74, 0x69, 0x6F, 0x6E, 0x73, 0x45, 0x6C, 0x65, 0x6D, 
0x65, 0x6E, 0x74, 0x20, 0x3D, 0x20, 0x64, 0x6F, 0x63, 0x75, 0x6D, 0x65, 0x6E, 0x74, 0x2E, 0x63, 
0x72, 0x65, 0x61, 0x74, 0x65, 0x45, 0x6C, 0x65, 0x6D, 0x65, 0x6E, 0x74, 0x28, 0x27, 0x64, 0x69, 
0x76, 0x27, 0x29, 0x3B, 0x0D, 0x0A, 0x20, 0x20, 0x20, 0x20, 0x20, 0x20, 0x20, 0x20, 0x61, 0x63, 
0x74, 0x69, 0x6F, 0x6E, 0x73, 0x45, 0x6C, 0x65, 0x6D, 0x65, 0x6E, 0x74, 0x2E, 0x63, 0x6C, 0x61, 
0x73, 0x73, 0x4C, 0x69, 0x73, 0x74, 0x2E, 0x61, 0x64, 0x64, 0x28, 0x27, 0x61, 0x63, 0x74, 0x69, 
0x6F, 0x6E, 0x73, 0x27, 0x29, 0x3B, 0x0D, 0x0A, 0x0D, 0x0A, 0x20, 0x20, 0x20, 0x20, 0x20, 0x20, 
0x20, 0x20, 0x63, 0x6F, 0x6E, 0x73, 0x74, 0x20, 0x64, 0x65, 0x6C, 0x65, 0x74, 0x65, 0x42, 0x75, 
0x74, 0x74, 0x6F, 0x6E, 0x20, 0x3D, 0x20, 0x64, 0x6F, 0x63, 0x75, 0x6D, 0x65, 0x6E, 0x74, 0x2E, 
0x63, 0x72, 0x65, 0x61, 0x74, 0x65, 0x45, 0x6C, 0x65, 0x6D, 0x65, 0x6E, 0x74, 0x28, 0x27, 0x62, 
0x75, 0x74, 0x74, 0x6F, 0x6E, 0x27, 0x29, 0x3B, 0x0D, 0x0A, 0x20, 0x20, 0x20, 0x20, 0x20, 0x20, 
0x20, 0x20, 0x64, 0x65, 0x6C, 0x65, 0x74, 0x65, 0x42, 0x75, 0x74, 0x74, 0x6F, 0x6E, 0x2E, 0x74, 
0x65, 0x78, 0x74, 0x43, 0x6F, 0x6E, 0x74, 0x65, 0x6E, 0x74, 0x20, 0x3D, 0x20, 0x27, 0x44, 0x65, 
0x6C, 0x65, 0x74, 0x65, 0x20, 0x46, 0x6F, 0x6C, 0x64, 0x65, 0x72, 0x27, 0x3B, 0x0D, 0x0A, 0x20, 
0x20, 0x20, 0x20, 0x20, 0x20, 0x20, 0x20, 0x64, 0x65, 0x6C, 0x65, 0x74, 0x65, 0x42, 0x75, 0x74, 
0x74, 0x6F, 0x6E, 0x2E, 0x61, 0x64, 0x64, 0x45, 0x76, 0x65, 0x6E, 0x74, 0x4C, 0x69, 0x73, 0x74, 
0x65, 0x6E, 0x65, 0x72, 0x28, 0x27, 0x63, 0x6C, 0x69, 0x63, 0x6B, 0x27, 0x2C, 0x20, 0x28, 0x65, 
0x76, 0x65, 0x6E, 0x74, 0x29, 0x20, 0x3D, 0x3E, 0x20, 0x7B, 0x0D, 0x0A, 0x20, 0x20, 0x20, 0x20, 
0x20, 0x20, 0x20, 0x20, 0x20, 0x20, 0x20, 0x20, 0x65, 0x76, 0x65, 0x6E, 0x74, 0x2E, 0x73, 0x74, 
0x6F, 0x70, 0x50, 0x72, 0x6F, 0x70, 0x61, 0x67, 0x61, 0x74, 0x69, 0x6F, 0x6E, 0x28, 0x29, 0x3B, 
0x20, 0x2F, 0x2F, 0x20, 0x50, 0x72, 0x65, 0x76, 0x65, 0x6E, 0x74, 0x20, 0x74, 0x68, 0x65, 0x20, 
0x66, 0x6F, 0x6C, 0x64, 0x65, 0x72, 0x20, 0x63, 0x6C, 0x69, 0x63, 0x6B, 0x20, 0x65, 0x76, 0x65, 
0x6E, 0x74, 0x20, 0x66, 0x72, 0x6F, 0x6D, 0x20, 0x66, 0x69, 0x72, 0x69, 0x6E, 0x67, 0x0D, 0x0A, 
0x20, 0x20, 0x20, 0x20, 0x20, 0x20, 0x20, 0x20, 0x20, 0x20, 0x20, 0x20, 0x64, 0x65, 0x6C, 0x65, 
0x74, 0x65, 0x46, 0x6F, 0x6C, 0x64, 0x65, 0x72, 0x28, 0x69, 0x74, 0x65, 0x6D, 0x2E, 0x6E, 0x61, 
0x6D, 0x65, 0x29, 0x3B, 0x0D, 0x0A, 0x20, 0x20, 0x20, 0x20, 0x20, 0x20, 0x20, 0x20, 0x7D, 0x29, 
0x3B, 0x0D, 0x0A, 0x20, 0x20, 0x20, 0x20, 0x20, 0x20, 0x20, 0x20, 0x61, 0x63, 0x74, 0x69, 0x6F, 
0x6E, 0x73, 0x45, 0x6C, 0x65, 0x6D, 0x65, 0x6E, 0x74, 0x2E, 0x61, 0x70, 0x70, 0x65, 0x6E, 0x64, 
0x43, 0x68, 0x69, 0x6C, 0x64, 0x28, 0x64, 0x65, 0x6C, 0x65, 0x74, 0x65, 0x42, 0x75, 0x74, 0x74, 
0x6F, 0x6E, 0x29, 0x3B, 0x0D, 0x0A, 0x0D, 0x0A, 0x20, 0x20, 0x20, 0x20, 0x20, 0x20, 0x20, 0x20, 
0x69, 0x74, 0x65, 0x6D, 0x45, 0x6C, 0x65, 0x6D, 0x65, 0x6E, 0x74, 0x2E, 0x61, 0x70, 0x70, 0x65, 
0x6E, 0x64, 0x43, 0x68, 0x69, 0x6C, 0x64, 0x28, 0x61, 0x63, 0x74, 0x69, 0x6F, 0x6E, 0x73, 0x45, 
0x6C, 0x65, 0x6D, 0x65, 0x6E, 0x74, 0x29, 0x3B, 0x0D, 0x0A, 0x20, 0x20, 0x20, 0x20, 0x7D, 0x0D, 
0x0A, 0x0D, 0x0A, 0x20, 0x20, 0x20, 0x20, 0x72, 0x65, 0x74, 0x75, 0x72, 0x6E, 0x20, 0x69, 0x74, 
0x65, 0x6D, 0x45, 0x6C, 0x65, 0x6D, 0x65, 0x6E, 0x74, 0x3B, 0x0D, 0x0A, 0x7D, 0x0D, 0x0A, 0x0D, 
0x0A, 0x64, 0x6F, 0x63, 0x75, 0x6D, 0x65, 0x6E, 0x74, 0x2E, 0x61, 0x64, 0x64, 0x45, 0x76, 0x65, 
0x6E, 0x74, 0x4C, 0x69, 0x73, 0x74, 0x65, 0x6E, 0x65, 0x72, 0x28, 0x22, 0x44, 0x4F, 0x4D, 0x43, 
0x6F, 0x6E, 0x74, 0x65, 0x6E, 0x74, 0x4C, 0x6F, 0x61, 0x64, 0x65, 0x64, 0x22, 0x2C, 0x20, 0x66, 
0x75, 0x6E, 0x63, 0x74, 0x69, 0x6F, 0x6E, 0x28, 0x29, 0x20, 0x7B, 0x0D, 0x0A, 0x20, 0x20, 0x20, 
0x20, 0x20, 0x20, 0x20, 0x20, 0x66, 0x65, 0x74, 0x63, 0x68, 0x28, 0x27, 0x2F, 0x67, 0x65, 0x74, 
0x2D, 0x66, 0x73, 0x2D, 0x74, 0x79, 0x70, 0x65, 0x27, 0x29, 0x0D, 0x0A, 0x20, 0x20, 0x20, 0x20, 
0x20, 0x20, 0x20, 0x20, 0x20, 0x20, 0x20, 0x20, 0x2E, 0x74, 0x68, 0x65, 0x6E, 0x28, 0x72, 0x65, 
0x73, 0x70, 0x6F, 0x6E, 0x73, 0x65, 0x20, 0x3D, 0x3E, 0x20, 0x72, 0x65, 0x73, 0x70, 0x6F, 0x6E, 
0x73, 0x65, 0x2E, 0x74, 0x65, 0x78, 0x74, 0x28, 0x29, 0x29, 0x0D, 0x0A, 0x20, 0x20, 0x20, 0x20, 
0x20, 0x20, 0x20, 0x20, 0x20, 0x20, 0x20, 0x20, 0x2E, 0x74, 0x68, 0x65, 0x6E, 0x28, 0x66, 0x73, 
0x54, 0x79, 0x70, 0x65, 0x20, 0x3D, 0x3E, 0x20, 0x7B, 0x0D, 0x0A, 0x20, 0x20, 0x20, 0x20, 0x20, 
0x20, 0x20, 0x20, 0x20, 0x20, 0x20, 0x20, 0x20, 0x20, 0x20, 0x20, 0x69, 0x66, 0x20, 0x28, 0x70, 
0x61, 0x72, 0x73, 0x65, 0x49, 0x6E, 0x74, 0x28, 0x66, 0x73, 0x54, 0x79, 0x70, 0x65, 0x29, 0x20, 
0x3D, 0x3D, 0x3D, 0x20, 0x31, 0x29, 0x20, 0x7B, 0x20, 0x2F, 0x2F, 0x20, 0x41, 0x73, 0x73, 0x75, 
0x6D, 0x69, 0x6E, 0x67, 0x20, 0x46, 0x53, 0x5F, 0x53, 0x50, 0x49, 0x46, 0x46, 0x53, 0x20, 0x69, 
0x73, 0x20, 0x31, 0x0D, 0x0A, 0x20, 0x20, 0x20, 0x20, 0x20, 0x20, 0x20, 0x20, 0x20, 0x20, 0x20, 
0x20, 0x20, 0x20, 0x20, 0x20, 0x20, 0x20, 0x20, 0x20, 0x64, 0x6F, 0x63, 0x75, 0x6D, 0x65, 0x6E, 
0x74, 0x2E, 0x67, 0x65, 0x74, 0x45, 0x6C, 0x65, 0x6D, 0x65, 0x6E, 0x74, 0x42, 0x79, 0x49, 0x64, 
0x28, 0x22, 0x63, 0x72, 0x65, 0x61, 0x74, 0x65, 0x2D, 0x66, 0x6F, 0x6C, 0x64, 0x65, 0x72, 0x2D, 
0x62, 0x75, 0x74, 0x74, 0x6F, 0x6E, 0x22, 0x29, 0x2E, 0x73, 0x74, 0x79, 0x6C, 0x65, 0x2E, 0x64, 
0x69, 0x73, 0x70, 0x6C, 0x61, 0x79, 0x20, 0x3D, 0x20, 0x22, 0x6E, 0x6F, 0x6E, 0x65, 0x22, 0x3B, 
0x0D, 0x0A, 0x20, 0x20, 0x20, 0x20, 0x20, 0x20, 0x20, 0x20, 0x20, 0x20, 0x20, 0x20, 0x20, 0x20, 
0x20, 0x20, 0x7D, 0x0D, 0x0A, 0x20, 0x20, 0x20, 0x20, 0x20, 0x20, 0x20, 0x20, 0x20, 0x20, 0x20, 
0x20, 0x7D, 0x29, 0x0D, 0x0A, 0x20, 0x20, 0x20, 0x20, 0x20, 0x20, 0x20, 0x20, 0x20, 0x20, 0x20, 
0x20, 0x2E, 0x63, 0x61, 0x74, 0x63, 0x68, 0x28, 0x65, 0x72, 0x72, 0x6F, 0x72, 0x20, 0x3D, 0x3E, 
0x20, 0x63, 0x6F, 0x6E, 0x73, 0x6F, 0x6C, 0x65, 0x2E, 0x65, 0x72, 0x72, 0x6F, 0x72, 0x28, 0x27, 
0x45, 0x72, 0x72, 0x6F, 0x72, 0x20, 0x66, 0x65, 0x74, 0x63, 0x68, 0x69, 0x6E, 0x67, 0x20, 0x66, 
0x69, 0x6C, 0x65, 0x73, 0x79, 0x73, 0x74, 0x65, 0x6D, 0x20, 0x74, 0x79, 0x70, 0x65, 0x3A, 0x27, 
0x2C, 0x20, 0x65, 0x72, 0x72, 0x6F, 0x72, 0x29, 0x29, 0x3B, 0x0D, 0x0A, 0x20, 0x20, 0x20, 0x20, 
0x7D, 0x29, 0x3B, 0x0D, 0x0A, 0x0D, 0x0A, 0x20, 0x20, 0x20, 0x20, 0x20, 0x20, 0x20, 0x20, 0x64, 
0x6F, 0x63, 0x75, 0x6D, 0x65, 0x6E, 0x74, 0x2E, 0x67, 0x65, 0x74, 0x45, 0x6C, 0x65, 0x6D, 0x65, 
0x6E, 0x74, 0x42, 0x79, 0x49, 0x64, 0x28, 0x27, 0x63, 0x72, 0x65, 0x61, 0x74, 0x65, 0x2D, 0x66, 
0x6F, 0x6C, 0x64, 0x65, 0x72, 0x2D, 0x62, 0x75, 0x74, 0x74, 0x6F, 0x6E, 0x27, 0x29, 0x2E, 0x61, 
0x64, 0x64, 0x45, 0x76, 0x65, 0x6E, 0x74, 0x4C, 0x69, 0x73, 0x74, 0x65, 0x6E, 0x65, 0x72, 0x28, 
0x27, 0x63, 0x6C, 0x69, 0x63, 0x6B, 0x27, 0x2C, 0x20, 0x28, 0x29, 0x20, 0x3D, 0x3E, 0x20, 0x7B, 
0x0D, 0x0A, 0x20, 0x20, 0x20, 0x20, 0x20, 0x20, 0x20, 0x20, 0x63, 0x6F, 0x6E, 0x73, 0x74, 0x20, 
0x66, 0x6F, 0x6C, 0x64, 0x65, 0x72, 0x4E, 0x61, 0x6D, 0x65, 0x20, 0x3D, 0x20, 0x70, 0x72, 0x6F, 
0x6D, 0x70, 0x74, 0x28, 0x22, 0x45, 0x6E, 0x74, 0x65, 0x72, 0x20, 0x66, 0x6F, 0x6C, 0x64, 0x65, 
0x72, 0x20, 0x6E, 0x61, 0x6D, 0x65, 0x3A, 0x22, 0x29, 0x3B, 0x0D, 0x0A, 0x20, 0x20, 0x20, 0x20, 
0x20, 0x20, 0x20, 0x20, 0x69, 0x66, 0x20, 0x28, 0x21, 0x66, 0x6F, 0x6C, 0x64, 0x65, 0x72, 0x4E, 
0x61, 0x6D, 0x65, 0x29, 0x20, 0x72, 0x65, 0x74, 0x75, 0x72, 0x6E, 0x3B, 0x0D, 0x0A, 0x0D, 0x0A, 
0x20, 0x20, 0x20, 0x20, 0x20, 0x20, 0x20, 0x20, 0x63, 0x6F, 0x6E, 0x73, 0x74, 0x20, 0x66, 0x6F, 
0x6C, 0x64, 0x65, 0x72, 0x50, 0x61, 0x74, 0x68, 0x20, 0x3D, 0x20, 0x63, 0x75, 0x72, 0x72, 0x65, 
0x6E, 0x74, 0x50, 0x61, 0x74, 0x68, 0x2E, 0x63, 0x6F, 0x6E, 0x63, 0x61, 0x74, 0x28, 0x66, 0x6F, 
0x6C, 0x64, 0x65, 0x72, 0x4E, 0x61, 0x6D, 0x65, 0x29, 0x2E, 0x6A, 0x6F, 0x69, 0x6E, 0x28, 0x27, 
0x2F, 0x27, 0x29, 0x3B, 0x0D, 0x0A, 0x20, 0x20, 0x20, 0x20, 0x20, 0x20, 0x20, 0x20, 0x66, 0x65, 
0x74, 0x63, 0x68, 0x28, 0x60, 0x2F, 0x63, 0x72, 0x65, 0x61, 0x74, 0x65, 0x2D, 0x66, 0x6F, 0x6C, 
0x64, 0x65, 0x72, 0x3F, 0x70, 0x61, 0x74, 0x68, 0x3D, 0x24, 0x7B, 0x65, 0x6E, 0x63, 0x6F, 0x64, 
0x65, 0x55, 0x52, 0x49, 0x43, 0x6F, 0x6D, 0x70, 0x6F, 0x6E, 0x65, 0x6E, 0x74, 0x28, 0x66, 0x6F, 
0x6C, 0x64, 0x65, 0x72, 0x50, 0x61, 0x74, 0x68, 0x29, 0x7D, 0x60, 0x29, 0x0D, 0x0A, 0x20, 0x20, 
0x20, 0x20, 0x20, 0x20, 0x20, 0x20, 0x20, 0x20, 0x20, 0x20, 0x2E, 0x74, 0x68, 0x65, 0x6E, 0x28, 
0x72, 0x65, 0x73, 0x70, 0x6F, 0x6E, 0x73, 0x65, 0x20, 0x3D, 0x3E, 0x20, 0x72, 0x65, 0x73, 0x70, 
0x6F, 0x6E, 0x73, 0x65, 0x2E, 0x6A, 0x73, 0x6F, 0x6E, 0x28, 0x29, 0x29, 0x0D, 0x0A, 0x20, 0x20, 
0x20, 0x20, 0x20, 0x20, 0x20, 0x20, 0x20, 0x20, 0x20, 0x20, 0x2E, 0x74, 0x68, 0x65, 0x6E, 0x28, 
0x64, 0x61, 0x74, 0x61, 0x20, 0x3D, 0x3E, 0x20, 0x7B, 0x0D, 0x0A, 0x20, 0x20, 0x20, 0x20, 0x20, 
0x20, 0x20, 0x20, 0x20, 0x20, 0x20, 0x20, 0x20, 0x20, 0x20, 0x20, 0x69, 0x66, 0x20, 0x28, 0x64, 
0x61, 0x74, 0x61, 0x2E, 0x73, 0x74, 0x61, 0x74, 0x75, 0x73, 0x20, 0x3D, 0x3D, 0x3D, 0x20, 0x27, 
0x73, 0x75, 0x63, 0x63, 0x65, 0x73, 0x73, 0x27, 0x29, 0x20, 0x7B, 0x0D, 0x0A, 0x20, 0x20, 0x20, 
0x20, 0x20, 0x20, 0x20, 0x20, 0x20, 0x20, 0x20, 0x20, 0x20, 0x20, 0x20, 0x20, 0x20, 0x20, 0x20, 
0x20, 0x61, 0x6C, 0x65, 0x72, 0x74, 0x28, 0x27, 0x46, 0x6F, 0x6C, 0x64, 0x65, 0x72, 0x20, 0x63, 
0x72, 0x65, 0x61, 0x74, 0x65, 0x64, 0x20, 0x73, 0x75, 0x63, 0x63, 0x65, 0x73, 0x73, 0x66, 0x75, 
0x6C, 0x6C, 0x79, 0x21, 0x27, 0x29, 0x3B, 0x0D, 0x0A, 0x20, 0x20, 0x20, 0x20, 0x20, 0x20, 0x20, 
0x20, 0x20, 0x20, 0x20, 0x20, 0x20, 0x20, 0x20, 0x20, 0x20, 0x20, 0x20, 0x20, 0x66, 0x65, 0x74, 
0x63, 0x68, 0x46, 0x6F, 0x6C, 0x64, 0x65, 0x72, 0x43, 0x6F, 0x6E, 0x74, 0x65, 0x6E, 0x74, 0x73, 
0x28, 0x63, 0x75, 0x72, 0x72, 0x65, 0x6E, 0x74, 0x50, 0x61, 0x74, 0x68, 0x29, 0x3B, 0x0D, 0x0A, 
0x20, 0x20, 0x20, 0x20, 0x20, 0x20, 0x20, 0x20, 0x20, 0x20, 0x20, 0x20, 0x20, 0x20, 0x20, 0x20, 
0x7D, 0x20, 0x65, 0x6C, 0x73, 0x65, 0x20, 0x7B, 0x0D, 0x0A, 0x20, 0x20, 0x20, 0x20, 0x20, 0x20, 
0x20, 0x20, 0x20, 0x20, 0x20, 0x20, 0x20, 0x20, 0x20, 0x20, 0x20, 0x20, 0x20, 0x20, 0x61, 0x6C, 
0x65, 0x72, 0x74, 0x28, 0x60, 0x45, 0x72, 0x72, 0x6F, 0x72, 0x20, 0x63, 0x72, 0x65, 0x61, 0x74, 
0x69, 0x6E, 0x67, 0x20, 0x66, 0x6F, 0x6C, 0x64, 0x65, 0x72, 0x3A, 0x20, 0x24, 0x7B, 0x64, 0x61, 
0x74, 0x61, 0x2E, 0x6D, 0x65, 0x73, 0x73, 0x61, 0x67, 0x65, 0x7D, 0x60, 0x29, 0x3B, 0x0D, 0x0A, 
0x20, 0x20, 0x20, 0x20, 0x20, 0x20, 0x20, 0x20, 0x20, 0x20, 0x20, 0x20, 0x20, 0x20, 0x20, 0x20, 
0x7D, 0x0D, 0x0A, 0x20, 0x20, 0x20, 0x20, 0x20, 0x20, 0x20, 0x20, 0x20, 0x20, 0x20, 0x20, 0x7D, 
0x29, 0x0D, 0x0A, 0x20, 0x20, 0x20, 0x20, 0x20, 0x20, 0x20, 0x20, 0x20, 0x20, 0x20, 0x20, 0x2E, 
0x63, 0x61, 0x74, 0x63, 0x68, 0x28, 0x65, 0x72, 0x72, 0x6F, 0x72, 0x20, 0x3D, 0x3E, 0x20, 0x7B, 
0x0D, 0x0A, 0x20, 0x20, 0x20, 0x20, 0x20, 0x20, 0x20, 0x20, 0x20, 0x20, 0x20, 0x20, 0x20, 0x20, 
0x20, 0x20, 0x63, 0x6F, 0x6E, 0x73, 0x6F, 0x6C, 0x65, 0x2E, 0x65, 0x72, 0x72, 0x6F, 0x72, 0x28, 
0x27, 0x45, 0x72, 0x72, 0x6F, 0x72, 0x20, 0x63, 0x72, 0x65, 0x61, 0x74, 0x69, 0x6E, 0x67, 0x20, 
0x66, 0x6F, 0x6C, 0x64, 0x65, 0x72, 0x3A, 0x27, 0x2C, 0x20, 0x65, 0x72, 0x72, 0x6F, 0x72, 0x29, 
0x3B, 0x0D, 0x0A, 0x20, 0x20, 0x20, 0x20, 0x20, 0x20, 0x20, 0x20, 0x20, 0x20, 0x20, 0x20, 0x20, 
0x20, 0x20, 0x20, 0x61, 0x6C, 0x65, 0x72, 0x74, 0x28, 0x27, 0x46, 0x61, 0x69, 0x6C, 0x65, 0x64, 
0x20, 0x74, 0x6F, 0x20, 0x63, 0x72, 0x65, 0x61, 0x74, 0x65, 0x20, 0x66, 0x6F, 0x6C, 0x64, 0x65, 
0x72, 0x2E, 0x27, 0x29, 0x3B, 0x0D, 0x0A, 0x20, 0x20, 0x20, 0x20, 0x20, 0x20, 0x20, 0x20, 0x20, 
0x20, 0x20, 0x20, 0x7D, 0x29, 0x3B, 0x0D, 0x0A, 0x20, 0x20, 0x20, 0x20, 0x7D, 0x29, 0x3B, 0x0D, 
0x0A, 0x0D, 0x0A, 0x20, 0x20, 0x20, 0x20, 0x66, 0x75, 0x6E, 0x63, 0x74, 0x69, 0x6F, 0x6E, 0x20, 
0x64, 0x65, 0x6C, 0x65, 0x74, 0x65, 0x46, 0x6F, 0x6C, 0x64, 0x65, 0x72, 0x28, 0x66, 0x6F, 0x6C, 
0x64, 0x65, 0x72, 0x4E, 0x61, 0x6D, 0x65, 0x29, 0x20, 0x7B, 0x0D, 0x0A, 0x20, 0x20, 0x20, 0x20, 
0x20, 0x20, 0x20, 0x20, 0x63, 0x6F, 0x6E, 0x73, 0x74, 0x20, 0x66, 0x6F, 0x6C, 0x64, 0x65, 0x72, 
0x50, 0x61, 0x74, 0x68, 0x20, 0x3D, 0x20, 0x63, 0x75, 0x72, 0x72, 0x65, 0x6E, 0x74, 0x50, 0x61, 
0x74, 0x68, 0x2E, 0x63, 0x6F, 0x6E, 0x63, 0x61, 0x74, 0x28, 0x66, 0x6F, 0x6C, 0x64, 0x65, 0x72, 
0x4E, 0x61, 0x6D, 0x65, 0x29, 0x2E, 0x6A, 0x6F, 0x69, 0x6E, 0x28, 0x27, 0x2F, 0x27, 0x29, 0x3B, 
0x0D, 0x0A, 0x20, 0x20, 0x20, 0x20, 0x20, 0x20, 0x20, 0x20, 0x69, 0x66, 0x20, 0x28, 0x63, 0x6F, 
0x6E, 0x66, 0x69, 0x72, 0x6D, 0x28, 0x60, 0x41, 0x72, 0x65, 0x20, 0x79, 0x6F, 0x75, 0x20, 0x73, 
0x75, 0x72, 0x65, 0x20, 0x79, 0x6F, 0x75, 0x20, 0x77, 0x61, 0x6E, 0x74, 0x20, 0x74, 0x6F, 0x20, 
0x64, 0x65, 0x6C, 0x65, 0x74, 0x65, 0x20, 0x74, 0x68, 0x65, 0x20, 0x66, 0x6F, 0x6C, 0x64, 0x65, 
0x72, 0x20, 0x22, 0x24, 0x7B, 0x66, 0x6F, 0x6C, 0x64, 0x65, 0x72, 0x4E, 0x61, 0x6D, 0x65, 0x7D, 
0x22, 0x3F, 0x60, 0x29, 0x29, 0x20, 0x7B, 0x0D, 0x0A, 0x20, 0x20, 0x20, 0x20, 0x20, 0x20, 0x20, 
0x20, 0x20, 0x20, 0x20, 0x20, 0x66, 0x65, 0x74, 0x63, 0x68, 0x28, 0x60, 0x2F, 0x64, 0x65, 0x6C, 
0x65, 0x74, 0x65, 0x2D, 0x66, 0x6F, 0x6C, 0x64, 0x65, 0x72, 0x3F, 0x70, 0x61, 0x74, 0x68, 0x3D, 
0x24, 0x7B, 0x65, 0x6E, 0x63, 0x6F, 0x64, 0x65, 0x55, 0x52, 0x49, 0x43, 0x6F, 0x6D, 0x70, 0x6F, 
0x6E, 0x65, 0x6E, 0x74, 0x28, 0x66, 0x6F, 0x6C, 0x64, 0x65, 0x72, 0x50, 0x61, 0x74, 0x68, 0x29, 
0x7D, 0x60, 0x29, 0x0D, 0x0A, 0x20, 0x20, 0x20, 0x20, 0x20, 0x20, 0x20, 0x20, 0x20, 0x20, 0x20, 
0x20, 0x20, 0x20, 0x20, 0x20, 0x2E, 0x74, 0x68, 0x65, 0x6E, 0x28, 0x72, 0x65, 0x73, 0x70, 0x6F, 
0x6E, 0x73, 0x65, 0x20, 0x3D, 0x3E, 0x20, 0x72, 0x65, 0x73, 0x70, 0x6F, 0x6E, 0x73, 0x65, 0x2E, 
0x6A, 0x73, 0x6F, 0x6E, 0x28, 0x29, 0x29, 0x0D, 0x0A, 0x20, 0x20, 0x20, 0x20, 0x20, 0x20, 0x20, 
0x20, 0x20, 0x20, 0x20, 0x20, 0x20, 0x20, 0x20, 0x20, 0x2E, 0x74, 0x68, 0x65, 0x6E, 0x28, 0x64, 
0x61, 0x74, 0x61, 0x20, 0x3D, 0x3E, 0x20, 0x7B, 0x0D, 0x0A, 0x20, 0x20, 0x20, 0x20, 0x20, 0x20, 
0x20, 0x20, 0x20, 0x20, 0x20, 0x20, 0x20, 0x20, 0x20, 0x20, 0x20, 0x20, 0x20, 0x20, 0x69, 0x66, 
0x20, 0x28, 0x64, 0x61, 0x74, 0x61, 0x2E, 0x73, 0x74, 0x61, 0x74, 0x75, 0x73, 0x20, 0x3D, 0x3D, 
0x3D, 0x20, 0x27, 0x73, 0x75, 0x63, 0x63, 0x65, 0x73, 0x73, 0x27, 0x29, 0x20, 0x7B, 0x0D, 0x0A, 
0x20, 0x20, 0x20, 0x20, 0x20, 0x20, 0x20, 0x20, 0x20, 0x20, 0x20, 0x20, 0x20, 0x20, 0x20, 0x20, 
0x20, 0x20, 0x20, 0x20, 0x20, 0x20, 0x20, 0x20, 0x61, 0x6C, 0x65, 0x72, 0x74, 0x28, 0x27, 0x46, 
0x6F, 0x6C, 0x64, 0x65, 0x72, 0x20, 0x64, 0x65, 0x6C, 0x65, 0x74, 0x65, 0x64, 0x20, 0x73, 0x75, 
0x63, 0x63, 0x65, 0x73, 0x73, 0x66, 0x75, 0x6C, 0x6C, 0x79, 0x21, 0x27, 0x29, 0x3B, 0x0D, 0x0A, 
0x20, 0x20, 0x20, 0x20, 0x20, 0x20, 0x20, 0x20, 0x20, 0x20, 0x20, 0x20, 0x20, 0x20, 0x20, 0x20, 
0x20, 0x20, 0x20, 0x20, 0x20, 0x20, 0x20, 0x20, 0x66, 0x65, 0x74, 0x63, 0x68, 0x46, 0x6F, 0x6C, 
0x64, 0x65, 0x72, 0x43, 0x6F, 0x6E, 0x74, 0x65, 0x6E, 0x74, 0x73, 0x28, 0x63, 0x75, 0x72, 0x72, 
0x65, 0x6E, 0x74, 0x50, 0x61, 0x74, 0x68, 0x29, 0x3B, 0x0D, 0x0A, 0x20, 0x20, 0x20, 0x20, 0x20, 
0x20, 0x20, 0x20, 0x20, 0x20, 0x20, 0x20, 0x20, 0x20, 0x20, 0x20, 0x20, 0x20, 0x20, 0x20, 0x7D, 
0x20, 0x65, 0x6C, 0x73, 0x65, 0x20, 0x7B, 0x0D, 0x0A, 0x20, 0x20, 0x20, 0x20, 0x20, 0x20, 0x20, 
0x20, 0x20, 0x20, 0x20, 0x20, 0x20, 0x20, 0x20, 0x20, 0x20, 0x20, 0x20, 0x20, 0x20, 0x20, 0x20, 
0x20, 0x61, 0x6C, 0x65, 0x72, 0x74, 0x28, 0x60, 0x45, 0x72, 0x72, 0x6F, 0x72, 0x20, 0x64, 0x65, 
0x6C, 0x65, 0x74, 0x69, 0x6E, 0x67, 0x20, 0x66, 0x6F, 0x6C, 0x64, 0x65, 0x72, 0x3A, 0x20, 0x24, 
0x7B, 0x64, 0x61, 0x74, 0x61, 0x2E, 0x6D, 0x65, 0x73, 0x73, 0x61, 0x67, 0x65, 0x7D, 0x60, 0x29, 
0x3B, 0x0D, 0x0A, 0x20, 0x20, 0x20, 0x20, 0x20, 0x20, 0x20, 0x20, 0x20, 0x20, 0x20, 0x20, 0x20, 
0x20, 0x20, 0x20, 0x20, 0x20, 0x20, 0x20, 0x7D, 0x0D, 0x0A, 0x20, 0x20, 0x20, 0x20, 0x20, 0x20, 
0x20, 0x20, 0x20, 0x20, 0x20, 0x20, 0x20, 0x20, 0x20, 0x20, 0x7D, 0x29, 0x0D, 0x0A, 0x20, 0x20, 
0x20, 0x20, 0x20, 0x20, 0x20, 0x20, 0x20, 0x20, 0x20, 0x20, 0x20, 0x20, 0x20, 0x20, 0x2E, 0x63, 
0x61, 0x74, 0x63, 0x68, 0x28, 0x65, 0x72, 0x72, 0x6F, 0x72, 0x20, 0x3D, 0x3E, 0x20, 0x7B, 0x0D, 
0x0A, 0x20, 0x20, 0x20, 0x20, 0x20, 0x20, 0x20, 0x20, 0x20, 0x20, 0x20, 0x20, 0x20, 0x20, 0x20, 
0x20, 0x20, 0x20, 0x20, 0x20, 0x63, 0x6F, 0x6E, 0x73, 0x6F, 0x6C, 0x65, 0x2E, 0x65, 0x72, 0x72, 
0x6F, 0x72, 0x28, 0x27, 0x45, 0x72, 0x72, 0x6F, 0x72, 0x20, 0x64, 0x65, 0x6C, 0x65, 0x74, 0x69, 
0x6E, 0x67, 0x20, 0x66, 0x6F, 0x6C, 0x64, 0x65, 0x72, 0x3A, 0x27, 0x2C, 0x20, 0x65, 0x72, 0x72, 
0x6F, 0x72, 0x29, 0x3B, 0x0D, 0x0A, 0x20, 0x20, 0x20, 0x20, 0x20, 0x20, 0x20, 0x20, 0x20, 0x20, 
0x20, 0x20, 0x20, 0x20, 0x20, 0x20, 0x20, 0x20, 0x20, 0x20, 0x61, 0x6C, 0x65, 0x72, 0x74, 0x28, 
0x27, 0x46, 0x61, 0x69, 0x6C, 0x65, 0x64, 0x20, 0x74, 0x6F, 0x20, 0x64, 0x65, 0x6C, 0x65, 0x74, 
0x65, 0x20, 0x66, 0x6F, 0x6C, 0x64, 0x65, 0x72, 0x2E, 0x27, 0x29, 0x3B, 0x0D, 0x0A, 0x20, 0x20, 
0x20, 0x20, 0x20, 0x20, 0x20, 0x20, 0x20, 0x20, 0x20, 0x20, 0x20, 0x20, 0x20, 0x20, 0x7D, 0x29, 
0x3B, 0x0D, 0x0A, 0x20, 0x20, 0x20, 0x20, 0x20, 0x20, 0x20, 0x20, 0x7D, 0x0D, 0x0A, 0x20, 0x20, 
0x20, 0x20, 0x7D, 0x0D, 0x0A, 0x0D, 0x0A, 0x20, 0x20, 0x20, 0x20, 0x20, 0x20, 0x20, 0x20, 0x66, 
0x75, 0x6E, 0x63, 0x74, 0x69, 0x6F, 0x6E, 0x20, 0x6F, 0x70, 0x65, 0x6E, 0x46, 0x6F, 0x6C, 0x64, 
0x65, 0x72, 0x28, 0x66, 0x6F, 0x6C, 0x64, 0x65, 0x72, 0x4E, 0x61, 0x6D, 0x65, 0x29, 0x20, 0x7B, 
0x0D, 0x0A, 0x20, 0x20, 0x20, 0x20, 0x20, 0x20, 0x20, 0x20, 0x20, 0x20, 0x20, 0x20, 0x63, 0x75, 
0x72, 0x72, 0x65, 0x6E, 0x74, 0x50, 0x61, 0x74, 0x68, 0x2E, 0x70, 0x75, 0x73, 0x68, 0x28, 0x66, 
0x6F, 0x6C, 0x64, 0x65, 0x72, 0x4E, 0x61, 0x6D, 0x65, 0x29, 0x3B, 0x0D, 0x0A, 0x20, 0x20, 0x20, 
0x20, 0x20, 0x20, 0x20, 0x20, 0x20, 0x20, 0x20, 0x20, 0x66, 0x65, 0x74, 0x63, 0x68, 0x46, 0x6F, 
0x6C, 0x64, 0x65, 0x72, 0x43, 0x6F, 0x6E, 0x74, 0x65, 0x6E, 0x74, 0x73, 0x28, 0x63, 0x75, 0x72, 
0x72, 0x65, 0x6E, 0x74, 0x50, 0x61, 0x74, 0x68, 0x29, 0x3B, 0x0D, 0x0A, 0x20, 0x20, 0x20, 0x20, 
0x20, 0x20, 0x20, 0x20, 0x7D, 0x0D, 0x0A, 0x0D, 0x0A, 0x20, 0x20, 0x20, 0x20, 0x20, 0x20, 0x20, 
0x20, 0x66, 0x75, 0x6E, 0x63, 0x74, 0x69, 0x6F, 0x6E, 0x20, 0x67, 0x6F, 0x42, 0x61, 0x63, 0x6B, 
0x28, 0x29, 0x20, 0x7B, 0x0D, 0x0A, 0x20, 0x20, 0x20, 0x20, 0x20, 0x20, 0x20, 0x20, 0x20, 0x20, 
0x20, 0x20, 0x63, 0x75, 0x72, 0x72, 0x65, 0x6E, 0x74, 0x50, 0x61, 0x74, 0x68, 0x2E, 0x70, 0x6F, 
0x70, 0x28, 0x29, 0x3B, 0x0D, 0x0A, 0x20, 0x20, 0x20, 0x20, 0x20, 0x20, 0x20, 0x20, 0x20, 0x20, 
0x20, 0x20, 0x66, 0x65, 0x74, 0x63, 0x68, 0x46, 0x6F, 0x6C, 0x64, 0x65, 0x72, 0x43, 0x6F, 0x6E, 
0x74, 0x65, 0x6E, 0x74, 0x73, 0x28, 0x63, 0x75, 0x72, 0x72, 0x65, 0x6E, 0x74, 0x50, 0x61, 0x74, 
0x68, 0x29, 0x3B, 0x0D, 0x0A, 0x20, 0x20, 0x20, 0x20, 0x20, 0x20, 0x20, 0x20, 0x7D, 0x0D, 0x0A, 
0x0D, 0x0A, 0x20, 0x20, 0x20, 0x20, 0x20, 0x20, 0x20, 0x20, 0x66, 0x75, 0x6E, 0x63, 0x74, 0x69, 
0x6F, 0x6E, 0x20, 0x64, 0x69, 0x73, 0x70, 0x6C, 0x61, 0x79, 0x49, 0x74, 0x65, 0x6D, 0x73, 0x28, 
0x69, 0x74, 0x65, 0x6D, 0x73, 0x29, 0x20, 0x7B, 0x0D, 0x0A, 0x20, 0x20, 0x20, 0x20, 0x20, 0x20, 
0x20, 0x20, 0x20, 0x20, 0x20, 0x20, 0x66, 0x69, 0x6C, 0x65, 0x4D, 0x61, 0x6E, 0x61, 0x67, 0x65, 
0x72, 0x2E, 0x69, 0x6E, 0x6E, 0x65, 0x72, 0x48, 0x54, 0x4D, 0x4C, 0x20, 0x3D, 0x20, 0x27, 0x27, 
0x3B, 0x0D, 0x0A, 0x0D, 0x0A, 0x20, 0x20, 0x20, 0x20, 0x20, 0x20, 0x20, 0x20, 0x20, 0x20, 0x20, 
0x20, 0x63, 0x6F, 0x6E, 0x73, 0x74, 0x20, 0x76, 0x61, 0x6C, 0x69, 0x64, 0x49, 0x74, 0x65, 0x6D, 
0x73, 0x20, 0x3D, 0x20, 0x69, 0x74, 0x65, 0x6D, 0x73, 0x2E, 0x66, 0x69, 0x6C, 0x74, 0x65, 0x72, 
0x28, 0x69, 0x74, 0x65, 0x6D, 0x20, 0x3D, 0x3E, 0x20, 0x69, 0x74, 0x65, 0x6D, 0x20, 0x26, 0x26, 
0x20, 0x69, 0x74, 0x65, 0x6D, 0x2E, 0x6E, 0x61, 0x6D, 0x65, 0x20, 0x26, 0x26, 0x20, 0x69, 0x74, 
0x65, 0x6D, 0x2E, 0x6E, 0x61, 0x6D, 0x65, 0x2E, 0x74, 0x72, 0x69, 0x6D, 0x28, 0x29, 0x20, 0x21, 
0x3D, 0x3D, 0x20, 0x27, 0x27, 0x29, 0x3B, 0x0D, 0x0A, 0x20, 0x20, 0x20, 0x20, 0x20, 0x20, 0x20, 
0x20, 0x20, 0x20, 0x20, 0x20, 0x69, 0x66, 0x20, 0x28, 0x76, 0x61, 0x6C, 0x69, 0x64, 0x49, 0x74, 
0x65, 0x6D, 0x73, 0x2E, 0x6C, 0x65, 0x6E, 0x67, 0x74, 0x68, 0x20, 0x3D, 0x3D, 0x3D, 0x20, 0x30, 
0x29, 0x20, 0x7B, 0x0D, 0x0A, 0x20, 0x20, 0x20, 0x20, 0x20, 0x20, 0x20, 0x20, 0x20, 0x20, 0x20, 
0x20, 0x20, 0x20, 0x20, 0x20, 0x66, 0x69, 0x6C, 0x65, 0x4D, 0x61, 0x6E, 0x61, 0x67, 0x65, 0x72, 
0x2E, 0x73, 0x74, 0x79, 0x6C, 0x65, 0x2E, 0x64, 0x69, 0x73, 0x70, 0x6C, 0x61, 0x79, 0x20, 0x3D, 
0x20, 0x27, 0x6E, 0x6F, 0x6E, 0x65, 0x27, 0x3B, 0x0D, 0x0A, 0x20, 0x20, 0x20, 0x20, 0x20, 0x20, 
0x20, 0x20, 0x20, 0x20, 0x20, 0x20, 0x20, 0x20, 0x20, 0x20, 0x6E, 0x6F, 0x46, 0x69, 0x6C, 0x65, 
0x73, 0x4D, 0x65, 0x73, 0x73, 0x61, 0x67, 0x65, 0x2E, 0x73, 0x74, 0x79, 0x6C, 0x65, 0x2E, 0x64, 
0x69, 0x73, 0x70, 0x6C, 0x61, 0x79, 0x20, 0x3D, 0x20, 0x27, 0x62, 0x6C, 0x6F, 0x63, 0x6B, 0x27, 
0x3B, 0x0D, 0x0A, 0x20, 0x20, 0x20, 0x20, 0x20, 0x20, 0x20, 0x20, 0x20, 0x20, 0x20, 0x20, 0x7D, 
0x20, 0x65, 0x6C, 0x73, 0x65, 0x20, 0x7B, 0x0D, 0x0A, 0x20, 0x20, 0x20, 0x20, 0x20, 0x20, 0x20, 
0x20, 0x20, 0x20, 0x20, 0x20, 0x20, 0x20, 0x20, 0x20, 0x66, 0x69, 0x6C, 0x65, 0x4D, 0x61, 0x6E, 
0x61, 0x67, 0x65, 0x72, 0x2E, 0x73, 0x74, 0x79, 0x6C, 0x65, 0x2E, 0x64, 0x69, 0x73, 0x70, 0x6C, 
0x61, 0x79, 0x20, 0x3D, 0x20, 0x27, 0x67, 0x72, 0x69, 0x64, 0x27, 0x3B, 0x0D, 0x0A, 0x20, 0x20, 
0x20, 0x20, 0x20, 0x20, 0x20, 0x20, 0x20, 0x20, 0x20, 0x20, 0x20, 0x20, 0x20, 0x20, 0x6E, 0x6F, 
0x46, 0x69, 0x6C, 0x65, 0x73, 0x4D, 0x65, 0x73, 0x73, 0x61, 0x67, 0x65, 0x2E, 0x73, 0x74, 0x79, 
0x6C, 0x65, 0x2E, 0x64, 0x69, 0x73, 0x70, 0x6C, 0x61, 0x79, 0x20, 0x3D, 0x20, 0x27, 0x6E, 0x6F, 
0x6E, 0x65, 0x27, 0x3B, 0x0D, 0x0A, 0x0D, 0x0A, 0x20, 0x20, 0x20, 0x20, 0x20, 0x20, 0x20, 0x20, 
0x20, 0x20, 0x20, 0x20, 0x20, 0x20, 0x20, 0x20, 0x76, 0x61, 0x6C, 0x69, 0x64, 0x49, 0x74, 0x65, 
0x6D, 0x73, 0x2E, 0x73, 0x6F, 0x72, 0x74, 0x28, 0x28, 0x61, 0x2C, 0x20, 0x62, 0x29, 0x20, 0x3D, 
0x3E, 0x20, 0x7B, 0x0D, 0x0A, 0x20, 0x20, 0x20, 0x20, 0x20, 0x20, 0x20, 0x20, 0x20, 0x20, 0x20, 
0x20, 0x20, 0x20, 0x20, 0x20, 0x20, 0x20, 0x20, 0x20, 0x69, 0x66, 0x20, 0x28, 0x61, 0x2E, 0x74, 
0x79, 0x70, 0x65, 0x20, 0x3D, 0x3D, 0x3D, 0x20, 0x62, 0x2E, 0x74, 0x79, 0x70, 0x65, 0x29, 0x20, 
0x7B, 0x0D, 0x0A, 0x20, 0x20, 0x20, 0x20, 0x20, 0x20, 0x20, 0x20, 0x20, 0x20, 0x20, 0x20, 0x20, 
0x20, 0x20, 0x20, 0x20, 0x20, 0x20, 0x20, 0x20, 0x20, 0x20, 0x20, 0x72, 0x65, 0x74, 0x75, 0x72, 
0x6E, 0x20, 0x61, 0x2E, 0x6E, 0x61, 0x6D, 0x65, 0x2E, 0x6C, 0x6F, 0x63, 0x61, 0x6C, 0x65, 0x43, 
0x6F, 0x6D, 0x70, 0x61, 0x72, 0x65, 0x28, 0x62, 0x2E, 0x6E, 0x61, 0x6D, 0x65, 0x29, 0x3B, 0x0D, 
0x0A, 0x20, 0x20, 0x20, 0x20, 0x20, 0x20, 0x20, 0x20, 0x20, 0x20, 0x20, 0x20, 0x20, 0x20, 0x20, 
0x20, 0x20, 0x20, 0x20, 0x20, 0x7D, 0x0D, 0x0A, 0x20, 0x20, 0x20, 0x20, 0x20, 0x20, 0x20, 0x20, 
0x20, 0x20, 0x20, 0x20, 0x20, 0x20, 0x20, 0x20, 0x20, 0x20, 0x20, 0x20, 0x72, 0x65, 0x74, 0x75, 
0x72, 0x6E, 0x20, 0x61, 0x2E, 0x74, 0x79, 0x70, 0x65, 0x20, 0x3D, 0x3D, 0x3D, 0x20, 0x27, 0x66, 
0x6F, 0x6C, 0x64, 0x65, 0x72, 0x27, 0x20, 0x3F, 0x20, 0x2D, 0x31, 0x20, 0x3A, 0x20, 0x31, 0x3B, 
0x0D, 0x0A, 0x20, 0x20, 0x20, 0x20, 0x20, 0x20, 0x20, 0x20, 0x20, 0x20, 0x20, 0x20, 0x20, 0x20, 
0x20, 0x20, 0x7D, 0x29, 0x3B, 0x0D, 0x0A, 0x0D, 0x0A, 0x20, 0x20, 0x20, 0x20, 0x20, 0x20, 0x20, 
0x20, 0x20, 0x20, 0x20, 0x20, 0x20, 0x20, 0x20, 0x20, 0x76, 0x61, 0x6C, 0x69, 0x64, 0x49, 0x74, 
0x65, 0x6D, 0x73, 0x2E, 0x66, 0x6F, 0x72, 0x45, 0x61, 0x63, 0x68, 0x28, 0x69, 0x74, 0x65, 0x6D, 
0x20, 0x3D, 0x3E, 0x20, 0x7B, 0x0D, 0x0A, 0x20, 0x20, 0x20, 0x20, 0x20, 0x20, 0x20, 0x20, 0x20, 
0x20, 0x20, 0x20, 0x20, 0x20, 0x20, 0x20, 0x20, 0x20, 0x20, 0x20, 0x63, 0x6F, 0x6E, 0x73, 0x74, 
0x20, 0x69, 0x74, 0x65, 0x6D, 0x45, 0x6C, 0x65, 0x6D, 0x65, 0x6E, 0x74, 0x20, 0x3D, 0x20, 0x63, 
0x72, 0x65, 0x61, 0x74, 0x65, 0x49, 0x74, 0x65, 0x6D, 0x45, 0x6C, 0x65, 0x6D, 0x65, 0x6E, 0x74, 
0x28, 0x69, 0x74, 0x65, 0x6D, 0x29, 0x3B, 0x0D, 0x0A, 0x20, 0x20, 0x20, 0x20, 0x20, 0x20, 0x20, 
0x20, 0x20, 0x20, 0x20, 0x20, 0x20, 0x20, 0x20, 0x20, 0x20, 0x20, 0x20, 0x20, 0x66, 0x69, 0x6C, 
0x65, 0x4D, 0x61, 0x6E, 0x61, 0x67, 0x65, 0x72, 0x2E, 0x61, 0x70, 0x70, 0x65, 0x6E, 0x64, 0x43, 
0x68, 0x69, 0x6C, 0x64, 0x28, 0x69, 0x74, 0x65, 0x6D, 0x45, 0x6C, 0x65, 0x6D, 0x65, 0x6E, 0x74, 
0x29, 0x3B, 0x0D, 0x0A, 0x20, 0x20, 0x20, 0x20, 0x20, 0x20, 0x20, 0x20, 0x20, 0x20, 0x20, 0x20, 
0x20, 0x20, 0x20, 0x20, 0x7D, 0x29, 0x3B, 0x0D, 0x0A, 0x20, 0x20, 0x20, 0x20, 0x20, 0x20, 0x20, 
0x20, 0x20, 0x20, 0x20, 0x20, 0x7D, 0x0D, 0x0A, 0x0D, 0x0A, 0x20, 0x20, 0x20, 0x20, 0x20, 0x20, 
0x20, 0x20, 0x20, 0x20, 0x20, 0x20, 0x62, 0x61, 0x63, 0x6B, 0x42, 0x75, 0x74, 0x74, 0x6F, 0x6E, 
0x2E, 0x73, 0x74, 0x79, 0x6C, 0x65, 0x2E, 0x64, 0x69, 0x73, 0x70, 0x6C, 0x61, 0x79, 0x20, 0x3D, 
0x20, 0x63, 0x75, 0x72, 0x72, 0x65, 0x6E, 0x74, 0x50, 0x61, 0x74, 0x68, 0x2E, 0x6C, 0x65, 0x6E, 
0x67, 0x74, 0x68, 0x20, 0x3E, 0x20, 0x31, 0x20, 0x3F, 0x20, 0x27, 0x62, 0x6C, 0x6F, 0x63, 0x6B, 
0x27, 0x20, 0x3A, 0x20, 0x27, 0x6E, 0x6F, 0x6E, 0x65, 0x27, 0x3B, 0x0D, 0x0A, 0x20, 0x20, 0x20, 
0x20, 0x20, 0x20, 0x20, 0x20, 0x7D, 0x0D, 0x0A, 0x0D, 0x0A, 0x20, 0x20, 0x20, 0x20, 0x20, 0x20, 
0x20, 0x20, 0x66, 0x75, 0x6E, 0x63, 0x74, 0x69, 0x6F, 0x6E, 0x20, 0x64, 0x6F, 0x77, 0x6E, 0x6C, 
0x6F, 0x61, 0x64, 0x46, 0x69, 0x6C, 0x65, 0x28, 0x66, 0x69, 0x6C, 0x65, 0x4E, 0x61, 0x6D, 0x65, 
0x29, 0x20, 0x7B, 0x0D, 0x0A, 0x20, 0x20, 0x20, 0x20, 0x20, 0x20, 0x20, 0x20, 0x20, 0x20, 0x20, 
0x20, 0x63, 0x6F, 0x6E, 0x73, 0x74, 0x20, 0x66, 0x69, 0x6C, 0x65, 0x50, 0x61, 0x74, 0x68, 0x20, 
0x3D, 0x20, 0x63, 0x75, 0x72, 0x72, 0x65, 0x6E, 0x74, 0x50, 0x61, 0x74, 0x68, 0x2E, 0x63, 0x6F, 
0x6E, 0x63, 0x61, 0x74, 0x28, 0x66, 0x69, 0x6C, 0x65, 0x4E, 0x61, 0x6D, 0x65, 0x29, 0x2E, 0x6A, 
0x6F, 0x69, 0x6E, 0x28, 0x27, 0x2F, 0x27, 0x29, 0x3B, 0x0D, 0x0A, 0x20, 0x20, 0x20, 0x20, 0x20, 
0x20, 0x20, 0x20, 0x20, 0x20, 0x20, 0x20, 0x77, 0x69, 0x6E, 0x64, 0x6F, 0x77, 0x2E, 0x6C, 0x6F, 
0x63, 0x61, 0x74, 0x69, 0x6F, 0x6E, 0x2E, 0x68, 0x72, 0x65, 0x66, 0x20, 0x3D, 0x20, 0x60, 0x2F, 
0x64, 0x6F, 0x77, 0x6E, 0x6C, 0x6F, 0x61, 0x64, 0x3F, 0x70, 0x61, 0x74, 0x68, 0x3D, 0x24, 0x7B, 
0x66, 0x69, 0x6C, 0x65, 0x50, 0x61, 0x74, 0x68, 0x7D, 0x60, 0x3B, 0x0D, 0x0A, 0x20, 0x20, 0x20, 
0x20, 0x20, 0x20, 0x20, 0x20, 0x7D, 0x0D, 0x0A, 0x0D, 0x0A, 0x20, 0x20, 0x20, 0x20, 0x20, 0x20, 
0x20, 0x20, 0x66, 0x75, 0x6E, 0x63, 0x74, 0x69, 0x6F, 0x6E, 0x20, 0x64, 0x65, 0x6C, 0x65, 0x74, 
0x65, 0x46, 0x69, 0x6C, 0x65, 0x28, 0x66, 0x69, 0x6C, 0x65, 0x4E, 0x61, 0x6D, 0x65, 0x29, 0x20, 
0x7B, 0x0D, 0x0A, 0x20, 0x20, 0x20, 0x20, 0x20, 0x20, 0x20, 0x20, 0x20, 0x20, 0x20, 0x20, 0x63, 
0x6F, 0x6E, 0x73, 0x74, 0x20, 0x66, 0x69, 0x6C, 0x65, 0x50, 0x61, 0x74, 0x68, 0x20, 0x3D, 0x20, 
0x63, 0x75, 0x72, 0x72, 0x65, 0x6E, 0x74, 0x50, 0x61, 0x74, 0x68, 0x2E, 0x63, 0x6F, 0x6E, 0x63, 
0x61, 0x74, 0x28, 0x66, 0x69, 0x6C, 0x65, 0x4E, 0x61, 0x6D, 0x65, 0x29, 0x2E, 0x6A, 0x6F, 0x69, 
0x6E, 0x28, 0x27, 0x2F, 0x27, 0x29, 0x3B, 0x0D, 0x0A, 0x20, 0x20, 0x20, 0x20, 0x20, 0x20, 0x20, 
0x20, 0x20, 0x20, 0x20, 0x20, 0x66, 0x65, 0x74, 0x63, 0x68, 0x28, 0x60, 0x2F, 0x64, 0x65, 0x6C, 
0x65, 0x74, 0x65, 0x3F, 0x70, 0x61, 0x74, 0x68, 0x3D, 0x24, 0x7B, 0x66, 0x69, 0x6C, 0x65, 0x50, 
0x61, 0x74, 0x68, 0x7D, 0x60, 0x2C, 0x20, 0x7B, 0x20, 0x6D, 0x65, 0x74, 0x68, 0x6F, 0x64, 0x3A, 
0x20, 0x27, 0x47, 0x45, 0x54, 0x27, 0x20, 0x7D, 0x29, 0x0D, 0x0A, 0x20, 0x20, 0x20, 0x20, 0x20, 
0x20, 0x20, 0x20, 0x20, 0x20, 0x20, 0x20, 0x20, 0x20, 0x20, 0x20, 0x2E, 0x74, 0x68, 0x65, 0x6E, 
0x28, 0x72, 0x65, 0x73, 0x70, 0x6F, 0x6E, 0x73, 0x65, 0x20, 0x3D, 0x3E, 0x20, 0x72, 0x65, 0x73, 
0x70, 0x6F, 0x6E, 0x73, 0x65, 0x2E, 0x6A, 0x73, 0x6F, 0x6E, 0x28, 0x29, 0x29, 0x0D, 0x0A, 0x20, 
0x20, 0x20, 0x20, 0x20, 0x20, 0x20, 0x20, 0x20, 0x20, 0x20, 0x20, 0x20, 0x20, 0x20, 0x20, 0x2E, 
0x74, 0x68, 0x65, 0x6E, 0x28, 0x64, 0x61, 0x74, 0x61, 0x20, 0x3D, 0x3E, 0x20, 0x7B, 0x0D, 0x0A, 
0x20, 0x20, 0x20, 0x20, 0x20, 0x20, 0x20, 0x20, 0x20, 0x20, 0x20, 0x20, 0x20, 0x20, 0x20, 0x20, 
0x20, 0x20, 0x20, 0x20, 0x69, 0x66, 0x20, 0x28, 0x64, 0x61, 0x74, 0x61, 0x2E, 0x73, 0x74, 0x61, 
0x74, 0x75, 0x73, 0x20, 0x3D, 0x3D, 0x3D, 0x20, 0x27, 0x73, 0x75, 0x63, 0x63, 0x65, 0x73, 0x73, 
0x27, 0x29, 0x20, 0x7B, 0x0D, 0x0A, 0x20, 0x20, 0x20, 0x20, 0x20, 0x20, 0x20, 0x20, 0x20, 0x20, 
0x20, 0x20, 0x20, 0x20, 0x20, 0x20, 0x20, 0x20, 0x20, 0x20, 0x20, 0x20, 0x20, 0x20, 0x61, 0x6C, 
0x65, 0x72, 0x74, 0x28, 0x27, 0x46, 0x69, 0x6C, 0x65, 0x20, 0x64, 0x65, 0x6C, 0x65, 0x74, 0x65, 
0x64, 0x20, 0x73, 0x75, 0x63, 0x63, 0x65, 0x73, 0x73, 0x66, 0x75, 0x6C, 0x6C, 0x79, 0x21, 0x27, 
0x29, 0x3B, 0x0D, 0x0A, 0x20, 0x20, 0x20, 0x20, 0x20, 0x20, 0x20, 0x20, 0x20, 0x20, 0x20, 0x20, 
0x20, 0x20, 0x20, 0x20, 0x20, 0x20, 0x20, 0x20, 0x20, 0x20, 0x20, 0x20, 0x66, 0x65, 0x74, 0x63, 
0x68, 0x46, 0x6F, 0x6C, 0x64, 0x65, 0x72, 0x43, 0x6F, 0x6E, 0x74, 0x65, 0x6E, 0x74, 0x73, 0x28, 
0x63, 0x75, 0x72, 0x72, 0x65, 0x6E, 0x74, 0x50, 0x61, 0x74, 0x68, 0x29, 0x3B, 0x0D, 0x0A, 0x20, 
0x20, 0x20, 0x20, 0x20, 0x20, 0x20, 0x20, 0x20, 0x20, 0x20, 0x20, 0x20, 0x20, 0x20, 0x20, 0x20, 
0x20, 0x20, 0x20, 0x7D, 0x20, 0x65, 0x6C, 0x73, 0x65, 0x20, 0x7B, 0x0D, 0x0A, 0x20, 0x20, 0x20, 
0x20, 0x20, 0x20, 0x20, 0x20, 0x20, 0x20, 0x20, 0x20, 0x20, 0x20, 0x20, 0x20, 0x20, 0x20, 0x20, 
0x20, 0x20, 0x20, 0x20, 0x20, 0x61, 0x6C, 0x65, 0x72, 0x74, 0x28, 0x60, 0x45, 0x72, 0x72, 0x6F, 
0x72, 0x20, 0x64, 0x65, 0x6C, 0x65, 0x74, 0x69, 0x6E, 0x67, 0x20, 0x66, 0x69, 0x6C, 0x65, 0x3A, 
0x20, 0x24, 0x7B, 0x64, 0x61, 0x74, 0x61, 0x2E, 0x6D, 0x65, 0x73, 0x73, 0x61, 0x67, 0x65, 0x7D, 
0x60, 0x29, 0x3B, 0x0D, 0x0A, 0x20, 0x20, 0x20, 0x20, 0x20, 0x20, 0x20, 0x20, 0x20, 0x20, 0x20, 
0x20, 0x20, 0x20, 0x20, 0x20, 0x20, 0x20, 0x20, 0x20, 0x7D, 0x0D, 0x0A, 0x20, 0x20, 0x20, 0x20, 
0x20, 0x20, 0x20, 0x20, 0x20, 0x20, 0x20, 0x20, 0x20, 0x20, 0x20, 0x20, 0x7D, 0x29, 0x0D, 0x0A, 
0x20, 0x20, 0x20, 0x20, 0x20, 0x20, 0x20, 0x20, 0x20, 0x20, 0x20, 0x20, 0x20, 0x20, 0x20, 0x20, 
0x2E, 0x63, 0x61, 0x74, 0x63, 0x68, 0x28, 0x65, 0x72, 0x72, 0x6F, 0x72, 0x20, 0x3D, 0x3E, 0x20, 
0x7B, 0x0D, 0x0A, 0x20, 0x20, 0x20, 0x20, 0x20, 0x20, 0x20, 0x20, 0x20, 0x20, 0x20, 0x20, 0x20, 
0x20, 0x20, 0x20, 0x20, 0x20, 0x20, 0x20, 0x63, 0x6F, 0x6E, 0x73, 0x6F, 0x6C, 0x65, 0x2E, 0x65, 
0x72, 0x72, 0x6F, 0x72, 0x28, 0x27, 0x45, 0x72, 0x72, 0x6F, 0x72, 0x20, 0x64, 0x65, 0x6C, 0x65, 
0x74, 0x69, 0x6E, 0x67, 0x20, 0x66, 0x69, 0x6C, 0x65, 0x3A, 0x27, 0x2C, 0x20, 0x65, 0x72, 0x72, 
0x6F, 0x72, 0x29, 0x3B, 0x0D, 0x0A, 0x20, 0x20, 0x20, 0x20, 0x20, 0x20, 0x20, 0x20, 0x20, 0x20, 
0x20, 0x20, 0x20, 0x20, 0x20, 0x20, 0x20, 0x20, 0x20, 0x20, 0x61, 0x6C, 0x65, 0x72, 0x74, 0x28, 
0x27, 0x46, 0x61, 0x69, 0x6C, 0x65, 0x64, 0x20, 0x74, 0x6F, 0x20, 0x64, 0x65, 0x6C, 0x65, 0x74, 
0x65, 0x20, 0x74, 0x68, 0x65, 0x20, 0x66, 0x69, 0x6C, 0x65, 0x2E, 0x27, 0x29, 0x3B, 0x0D, 0x0A, 
0x20, 0x20, 0x20, 0x20, 0x20, 0x20, 0x20, 0x20, 0x20, 0x20, 0x20, 0x20, 0x20, 0x20, 0x20, 0x20, 
0x7D, 0x29, 0x3B, 0x0D, 0x0A, 0x20, 0x20, 0x20, 0x20, 0x20, 0x20, 0x20, 0x20, 0x7D, 0x0D, 0x0A, 
0x0D, 0x0A, 0x20, 0x20, 0x20, 0x20, 0x20, 0x20, 0x20, 0x20, 0x75, 0x70, 0x6C, 0x6F, 0x61, 0x64, 
0x42, 0x75, 0x74, 0x74, 0x6F, 0x6E, 0x2E, 0x61, 0x64, 0x64, 0x45, 0x76, 0x65, 0x6E, 0x74, 0x4C, 
0x69, 0x73, 0x74, 0x65, 0x6E, 0x65, 0x72, 0x28, 0x27, 0x63, 0x6C, 0x69, 0x63, 0x6B, 0x27, 0x2C, 
0x20, 0x28, 0x29, 0x20, 0x3D, 0x3E, 0x20, 0x7B, 0x0D, 0x0A, 0x20, 0x20, 0x20, 0x20, 0x20, 0x20, 
0x20, 0x20, 0x20, 0x20, 0x20, 0x20, 0x66, 0x69, 0x6C, 0x65, 0x55, 0x70, 0x6C, 0x6F, 0x61, 0x64, 
0x49, 0x6E, 0x70, 0x75, 0x74, 0x2E, 0x63, 0x6C, 0x69, 0x63, 0x6B, 0x28, 0x29, 0x3B, 0x0D, 0x0A, 
0x20, 0x20, 0x20, 0x20, 0x20, 0x20, 0x20, 0x20, 0x7D, 0x29, 0x3B, 0x0D, 0x0A, 0x0D, 0x0A, 0x20, 
0x20, 0x20, 0x20, 0x20, 0x20, 0x20, 0x20, 0x66, 0x69, 0x6C, 0x65, 0x55, 0x70, 0x6C, 0x6F, 0x61, 
0x64, 0x49, 0x6E, 0x70, 0x75, 0x74, 0x2E, 0x61, 0x64, 0x64, 0x45, 0x76, 0x65, 0x6E, 0x74, 0x4C, 
0x69, 0x73, 0x74, 0x65, 0x6E, 0x65, 0x72, 0x28, 0x27, 0x63, 0x68, 0x61, 0x6E, 0x67, 0x65, 0x27, 
0x2C, 0x20, 0x28, 0x29, 0x20, 0x3D, 0x3E, 0x20, 0x7B, 0x0D, 0x0A, 0x20, 0x20, 0x20, 0x20, 0x20, 
0x20, 0x20, 0x20, 0x20, 0x20, 0x20, 0x20, 0x63, 0x6F, 0x6E, 0x73, 0x74, 0x20, 0x66, 0x69, 0x6C, 
0x65, 0x73, 0x20, 0x3D, 0x20, 0x66, 0x69, 0x6C, 0x65, 0x55, 0x70, 0x6C, 0x6F, 0x61, 0x64, 0x49, 
0x6E, 0x70, 0x75, 0x74, 0x2E, 0x66, 0x69, 0x6C, 0x65, 0x73, 0x3B, 0x0D, 0x0A, 0x20, 0x20, 0x20, 
0x20, 0x20, 0x20, 0x20, 0x20, 0x20, 0x20, 0x20, 0x20, 0x69, 0x66, 0x20, 0x28, 0x66, 0x69, 0x6C, 
0x65, 0x73, 0x2E, 0x6C, 0x65, 0x6E, 0x67, 0x74, 0x68, 0x20, 0x3E, 0x20, 0x30, 0x29, 0x20, 0x7B, 
0x0D, 0x0A, 0x20, 0x20, 0x20, 0x20, 0x20, 0x20, 0x20, 0x20, 0x20, 0x20, 0x20, 0x20, 0x20, 0x20, 
0x20, 0x20, 0x75, 0x70, 0x6C, 0x6F, 0x61, 0x64, 0x46, 0x69, 0x6C, 0x65, 0x73, 0x28, 0x66, 0x69, 
0x6C, 0x65, 0x73, 0x29, 0x3B, 0x0D, 0x0A, 0x20, 0x20, 0x20, 0x20, 0x20, 0x20, 0x20, 0x20, 0x20, 
0x20, 0x20, 0x20, 0x7D, 0x0D, 0x0A, 0x20, 0x20, 0x20, 0x20, 0x20, 0x20, 0x20, 0x20, 0x7D, 0x29, 
0x3B, 0x0D, 0x0A, 0x0D, 0x0A, 0x20, 0x20, 0x20, 0x20, 0x20, 0x20, 0x20, 0x20, 0x66, 0x75, 0x6E, 
0x63, 0x74, 0x69, 0x6F, 0x6E, 0x20, 0x75, 0x70, 0x6C, 0x6F, 0x61, 0x64, 0x46, 0x69, 0x6C, 0x65, 
0x73, 0x28, 0x66, 0x69, 0x6C, 0x65, 0x73, 0x29, 0x20, 0x7B, 0x0D, 0x0A, 0x20, 0x20, 0x20, 0x20, 
0x20, 0x20, 0x20, 0x20, 0x63, 0x6F, 0x6E, 0x73, 0x74, 0x20, 0x66, 0x6F, 0x72, 0x6D, 0x44, 0x61, 
0x74, 0x61, 0x20, 0x3D, 0x20, 0x6E, 0x65, 0x77, 0x20, 0x46, 0x6F, 0x72, 0x6D, 0x44, 0x61, 0x74, 
0x61, 0x28, 0x29, 0x3B, 0x0D, 0x0A, 0x20, 0x20, 0x20, 0x20, 0x20, 0x20, 0x20, 0x20, 0x41, 0x72, 
0x72, 0x61, 0x79, 0x2E, 0x66, 0x72, 0x6F, 0x6D, 0x28, 0x66, 0x69, 0x6C, 0x65, 0x73, 0x29, 0x2E, 
0x66, 0x6F, 0x72, 0x45, 0x61, 0x63, 0x68, 0x28, 0x66, 0x69, 0x6C, 0x65, 0x20, 0x3D, 0x3E, 0x20, 
0x66, 0x6F, 0x72, 0x6D, 0x44, 0x61, 0x74, 0x61, 0x2E, 0x61, 0x70, 0x70, 0x65, 0x6E, 0x64, 0x28, 
0x27, 0x66, 0x69, 0x6C, 0x65, 0x73, 0x5B, 0x5D, 0x27, 0x2C, 0x20, 0x66, 0x69, 0x6C, 0x65, 0x29, 
0x29, 0x3B, 0x0D, 0x0A, 0x0D, 0x0A, 0x20, 0x20, 0x20, 0x20, 0x20, 0x20, 0x20, 0x20, 0x63, 0x6F, 
0x6E, 0x73, 0x74, 0x20, 0x63, 0x75, 0x72, 0x72, 0x65, 0x6E, 0x74, 0x44, 0x69, 0x72, 0x65, 0x63, 
0x74, 0x6F, 0x72, 0x79, 0x20, 0x3D, 0x20, 0x63, 0x75, 0x72, 0x72, 0x65, 0x6E, 0x74, 0x50, 0x61, 
0x74, 0x68, 0x2E, 0x6A, 0x6F, 0x69, 0x6E, 0x28, 0x27, 0x2F, 0x27, 0x29, 0x3B, 0x0D, 0x0A, 0x20, 
0x20, 0x20, 0x20, 0x20, 0x20, 0x20, 0x20, 0x63, 0x6F, 0x6E, 0x73, 0x74, 0x20, 0x78, 0x68, 0x72, 
0x20, 0x3D, 0x20, 0x6E, 0x65, 0x77, 0x20, 0x58, 0x4D, 0x4C, 0x48, 0x74, 0x74, 0x70, 0x52, 0x65, 
0x71, 0x75, 0x65, 0x73, 0x74, 0x28, 0x29, 0x3B, 0x0D, 0x0A, 0x20, 0x20, 0x20, 0x20, 0x20, 0x20, 
0x20, 0x20, 0x78, 0x68, 0x72, 0x2E, 0x6F, 0x70, 0x65, 0x6E, 0x28, 0x27, 0x50, 0x4F, 0x53, 0x54, 
0x27, 0x2C, 0x20, 0x60, 0x2F, 0x75, 0x70, 0x6C, 0x6F, 0x61, 0x64, 0x3F, 0x70, 0x61, 0x74, 0x68, 
0x3D, 0x24, 0x7B, 0x65, 0x6E, 0x63, 0x6F, 0x64, 0x65, 0x55, 0x52, 0x49, 0x43, 0x6F, 0x6D, 0x70, 
0x6F, 0x6E, 0x65, 0x6E, 0x74, 0x28, 0x63, 0x75, 0x72, 0x72, 0x65, 0x6E, 0x74, 0x44, 0x69, 0x72, 
0x65, 0x63, 0x74, 0x6F, 0x72, 0x79, 0x29, 0x7D, 0x60, 0x29, 0x3B, 0x0D, 0x0A, 0x20, 0x20, 0x20, 
0x20, 0x20, 0x20, 0x20, 0x20, 0x78, 0x68, 0x72, 0x2E, 0x75, 0x70, 0x6C, 0x6F, 0x61, 0x64, 0x2E, 
0x61, 0x64, 0x64, 0x45, 0x76, 0x65, 0x6E, 0x74, 0x4C, 0x69, 0x73, 0x74, 0x65, 0x6E, 0x65, 0x72, 
0x28, 0x27, 0x70, 0x72, 0x6F, 0x67, 0x72, 0x65, 0x73, 0x73, 0x27, 0x2C, 0x20, 0x28, 0x65, 0x76, 
0x65, 0x6E, 0x74, 0x29, 0x20, 0x3D, 0x3E, 0x20, 0x7B, 0x0D, 0x0A, 0x20, 0x20, 0x20, 0x20, 0x20, 
0x20, 0x20, 0x20, 0x20, 0x20, 0x20, 0x20, 0x69, 0x66, 0x20, 0x28, 0x65, 0x76, 0x65, 0x6E, 0x74, 
0x2E, 0x6C, 0x65, 0x6E, 0x67, 0x74, 0x68, 0x43, 0x6F, 0x6D, 0x70, 0x75, 0x74, 0x61, 0x62, 0x6C, 
0x65, 0x29, 0x20, 0x7B, 0x0D, 0x0A, 0x20, 0x20, 0x20, 0x20, 0x20, 0x20, 0x20, 0x20, 0x20, 0x20, 
0x20, 0x20, 0x20, 0x20, 0x20, 0x20, 0x63, 0x6F, 0x6E, 0x73, 0x74, 0x20, 0x70, 0x65, 0x72, 0x63, 
0x65, 0x6E, 0x74, 0x43, 0x6F, 0x6D, 0x70, 0x6C, 0x65, 0x74, 0x65, 0x20, 0x3D, 0x20, 0x28, 0x65, 
0x76, 0x65, 0x6E, 0x74, 0x2E, 0x6C, 0x6F, 0x61, 0x64, 0x65, 0x64, 0x20, 0x2F, 0x20, 0x65, 0x76, 
0x65, 0x6E, 0x74, 0x2E, 0x74, 0x6F, 0x74, 0x61, 0x6C, 0x29, 0x20, 0x2A, 0x20, 0x31, 0x30, 0x30, 
0x3B, 0x0D, 0x0A, 0x20, 0x20, 0x20, 0x20, 0x20, 0x20, 0x20, 0x20, 0x20, 0x20, 0x20, 0x20, 0x20, 
0x20, 0x20, 0x20, 0x70, 0x72, 0x6F, 0x67, 0x72, 0x65, 0x73, 0x73, 0x43, 0x69, 0x72, 0x63, 0x6C, 
0x65, 0x2E, 0x73, 0x74, 0x79, 0x6C, 0x65, 0x2E, 0x62, 0x61, 0x63, 0x6B, 0x67, 0x72, 0x6F, 0x75, 
0x6E, 0x64, 0x20, 0x3D, 0x20, 0x60, 0x63, 0x6F, 0x6E, 0x69, 0x63, 0x2D, 0x67, 0x72, 0x61, 0x64, 
0x69, 0x65, 0x6E, 0x74, 0x28, 0x23, 0x30, 0x30, 0x37, 0x61, 0x63, 0x63, 0x20, 0x24, 0x7B, 0x70, 
0x65, 0x72, 0x63, 0x65, 0x6E, 0x74, 0x43, 0x6F, 0x6D, 0x70, 0x6C, 0x65, 0x74, 0x65, 0x7D, 0x25, 
0x2C, 0x20, 0x23, 0x64, 0x64, 0x64, 0x20, 0x24, 0x7B, 0x70, 0x65, 0x72, 0x63, 0x65, 0x6E, 0x74, 
0x43, 0x6F, 0x6D, 0x70, 0x6C, 0x65, 0x74, 0x65, 0x7D, 0x25, 0x29, 0x60, 0x3B, 0x0D, 0x0A, 0x20, 
0x20, 0x20, 0x20, 0x20, 0x20, 0x20, 0x20, 0x20, 0x20, 0x20, 0x20, 0x20, 0x20, 0x20, 0x20, 0x70, 
0x72, 0x6F, 0x67, 0x72, 0x65, 0x73, 0x73, 0x54, 0x65, 0x78, 0x74, 0x2E, 0x74, 0x65, 0x78, 0x74, 
0x43, 0x6F, 0x6E, 0x74, 0x65, 0x6E, 0x74, 0x20, 0x3D, 0x20, 0x60, 0x24, 0x7B, 0x4D, 0x61, 0x74, 
0x68, 0x2E, 0x66, 0x6C, 0x6F, 0x6F, 0x72, 0x28, 0x70, 0x65, 0x72, 0x63, 0x65, 0x6E, 0x74, 0x43, 
0x6F, 0x6D, 0x70, 0x6C, 0x65, 0x74, 0x65, 0x29, 0x7D, 0x25, 0x60, 0x3B, 0x0D, 0x0A, 0x20, 0x20, 
0x20, 0x20, 0x20, 0x20, 0x20, 0x20, 0x20, 0x20, 0x20, 0x20, 0x20, 0x20, 0x20, 0x20, 0x69, 0x66, 
0x20, 0x28, 0x70, 0x65, 0x72, 0x63, 0x65, 0x6E, 0x74, 0x43, 0x6F, 0x6D, 0x70, 0x6C, 0x65, 0x74, 
0x65, 0x20, 0x3D, 0x3D, 0x3D, 0x20, 0x31, 0x30, 0x30, 0x29, 0x20, 0x7B, 0x0D, 0x0A, 0x20, 0x20, 
0x20, 0x20, 0x20, 0x20, 0x20, 0x20, 0x20, 0x20, 0x20, 0x20, 0x20, 0x20, 0x20, 0x20, 0x20, 0x20, 
0x20, 0x20, 0x73, 0x65, 0x74, 0x54, 0x69, 0x6D, 0x65, 0x6F, 0x75, 0x74, 0x28, 0x28, 0x29, 0x20, 
0x3D, 0x3E, 0x20, 0x7B, 0x0D, 0x0A, 0x20, 0x20, 0x20, 0x20, 0x20, 0x20, 0x20, 0x20, 0x20, 0x20, 
0x20, 0x20, 0x20, 0x20, 0x20, 0x20, 0x20, 0x20, 0x20, 0x20, 0x20, 0x20, 0x20, 0x20, 0x75, 0x70, 
0x6C, 0x6F, 0x61, 0x64, 0x4D, 0x6F, 0x64, 0x61, 0x6C, 0x2E, 0x73, 0x74, 0x79, 0x6C, 0x65, 0x2E, 
0x64, 0x69, 0x73, 0x70, 0x6C, 0x61, 0x79, 0x20, 0x3D, 0x20, 0x27, 0x6E, 0x6F, 0x6E, 0x65, 0x27, 
0x3B, 0x0D, 0x0A, 0x20, 0x20, 0x20, 0x20, 0x20, 0x20, 0x20, 0x20, 0x20, 0x20, 0x20, 0x20, 0x20, 
0x20, 0x20, 0x20, 0x20, 0x20, 0x20, 0x20, 0x20, 0x20, 0x20, 0x20, 0x66, 0x65, 0x74, 0x63, 0x68, 
0x46, 0x6F, 0x6C, 0x64, 0x65, 0x72, 0x43, 0x6F, 0x6E, 0x74, 0x65, 0x6E, 0x74, 0x73, 0x28, 0x63, 
0x75, 0x72, 0x72, 0x65, 0x6E, 0x74, 0x50, 0x61, 0x74, 0x68, 0x29, 0x3B, 0x0D, 0x0A, 0x20, 0x20, 
0x20, 0x20, 0x20, 0x20, 0x20, 0x20, 0x20, 0x20, 0x20, 0x20, 0x20, 0x20, 0x20, 0x20, 0x20, 0x20, 
0x20, 0x20, 0x7D, 0x2C, 0x20, 0x35, 0x30, 0x30, 0x29, 0x3B, 0x0D, 0x0A, 0x20, 0x20, 0x20, 0x20, 
0x20, 0x20, 0x20, 0x20, 0x20, 0x20, 0x20, 0x20, 0x20, 0x20, 0x20, 0x20, 0x7D, 0x0D, 0x0A, 0x20, 
0x20, 0x20, 0x20, 0x20, 0x20, 0x20, 0x20, 0x20, 0x20, 0x20, 0x20, 0x7D, 0x0D, 0x0A, 0x20, 0x20, 
0x20, 0x20, 0x20, 0x20, 0x20, 0x20, 0x7D, 0x29, 0x3B, 0x0D, 0x0A, 0x0D, 0x0A, 0x20, 0x20, 0x20, 
0x20, 0x20, 0x20, 0x20, 0x20, 0x78, 0x68, 0x72, 0x2E, 0x6F, 0x6E, 0x6C, 0x6F, 0x61, 0x64, 0x20, 
0x3D, 0x20, 0x28, 0x29, 0x20, 0x3D, 0x3E, 0x20, 0x7B, 0x0D, 0x0A, 0x20, 0x20, 0x20, 0x20, 0x20, 
0x20, 0x20, 0x20, 0x20, 0x20, 0x20, 0x20, 0x69, 0x66, 0x20, 0x28, 0x78, 0x68, 0x72, 0x2E, 0x73, 
0x74, 0x61, 0x74, 0x75, 0x73, 0x20, 0x3D, 0x3D, 0x3D, 0x20, 0x32, 0x30, 0x30, 0x29, 0x20, 0x7B, 
0x0D, 0x0A, 0x20, 0x20, 0x20, 0x20, 0x20, 0x20, 0x20, 0x20, 0x20, 0x20, 0x20, 0x20, 0x20, 0x20, 
0x20, 0x20, 0x61, 0x6C, 0x65, 0x72, 0x74, 0x28, 0x27, 0x46, 0x69, 0x6C, 0x65, 0x20, 0x75, 0x70, 
0x6C, 0x6F, 0x61, 0x64, 0x65, 0x64, 0x20, 0x73, 0x75, 0x63, 0x63, 0x65, 0x73, 0x73, 0x66, 0x75, 
0x6C, 0x6C, 0x79, 0x21, 0x27, 0x29, 0x3B, 0x0D, 0x0A, 0x20, 0x20, 0x20, 0x20, 0x20, 0x20, 0x20, 
0x20, 0x20, 0x20, 0x20, 0x20, 0x20, 0x20, 0x20, 0x20, 0x70, 0x72, 0x6F, 0x67, 0x72, 0x65, 0x73, 
0x73, 0x54, 0x65, 0x78, 0x74, 0x2E, 0x74, 0x65, 0x78, 0x74, 0x43, 0x6F, 0x6E, 0x74, 0x65, 0x6E, 
0x74, 0x20, 0x3D, 0x20, 0x27, 0x55, 0x70, 0x6C, 0x6F, 0x61, 0x64, 0x20, 0x63, 0x6F, 0x6D, 0x70, 
0x6C, 0x65, 0x74, 0x65, 0x21, 0x27, 0x3B, 0x0D, 0x0A, 0x20, 0x20, 0x20, 0x20, 0x20, 0x20, 0x20, 
0x20, 0x20, 0x20, 0x20, 0x20, 0x20, 0x20, 0x20, 0x20, 0x73, 0x65, 0x74, 0x54, 0x69, 0x6D, 0x65, 
0x6F, 0x75, 0x74, 0x28, 0x28, 0x29, 0x20, 0x3D, 0x3E, 0x20, 0x7B, 0x0D, 0x0A, 0x20, 0x20, 0x20, 
0x20, 0x20, 0x20, 0x20, 0x20, 0x20, 0x20, 0x20, 0x20, 0x20, 0x20, 0x20, 0x20, 0x20, 0x20, 0x20, 
0x20, 0x75, 0x70, 0x6C, 0x6F, 0x61, 0x64, 0x4D, 0x6F, 0x64, 0x61, 0x6C, 0x2E, 0x73, 0x74, 0x79, 
0x6C, 0x65, 0x2E, 0x64, 0x69, 0x73, 0x70, 0x6C, 0x61, 0x79, 0x20, 0x3D, 0x20, 0x27, 0x6E, 0x6F, 
0x6E, 0x65, 0x27, 0x3B, 0x0D, 0x0A, 0x20, 0x20, 0x20, 0x20, 0x20, 0x20, 0x20, 0x20, 0x20, 0x20, 
0x20, 0x20, 0x20, 0x20, 0x20, 0x20, 0x20, 0x20, 0x20, 0x20, 0x66, 0x65, 0x74, 0x63, 0x68, 0x46, 
0x6F, 0x6C, 0x64, 0x65, 0x72, 0x43, 0x6F, 0x6E, 0x74, 0x65, 0x6E, 0x74, 0x73, 0x28, 0x63, 0x75, 
0x72, 0x72, 0x65, 0x6E, 0x74, 0x50, 0x61, 0x74, 0x68, 0x29, 0x3B, 0x0D, 0x0A, 0x20, 0x20, 0x20, 
0x20, 0x20, 0x20, 0x20, 0x20, 0x20, 0x20, 0x20, 0x20, 0x20, 0x20, 0x20, 0x20, 0x7D, 0x2C, 0x20, 
0x35, 0x30, 0x30, 0x29, 0x3B, 0x0D, 0x0A, 0x20, 0x20, 0x20, 0x20, 0x20, 0x20, 0x20, 0x20, 0x20, 
0x20, 0x20, 0x20, 0x7D, 0x20, 0x65, 0x6C, 0x73, 0x65, 0x20, 0x7B, 0x0D, 0x0A, 0x20, 0x20, 0x20, 
0x20, 0x20, 0x20, 0x20, 0x20, 0x20, 0x20, 0x20, 0x20, 0x20, 0x20, 0x20, 0x20, 0x63, 0x6F, 0x6E, 
0x73, 0x6F, 0x6C, 0x65, 0x2E, 0x65, 0x72, 0x72, 0x6F, 0x72, 0x28, 0x27, 0x55, 0x70, 0x6C, 0x6F, 
0x61, 0x64, 0x20, 0x66, 0x61, 0x69, 0x6C, 0x65, 0x64, 0x3A, 0x27, 0x2C, 0x20, 0x78, 0x68, 0x72, 
0x2E, 0x72, 0x65, 0x73, 0x70, 0x6F, 0x6E, 0x73, 0x65, 0x54, 0x65, 0x78, 0x74, 0x29, 0x3B, 0x0D, 
0x0A, 0x20, 0x20, 0x20, 0x20, 0x20, 0x20, 0x20, 0x20, 0x20, 0x20, 0x20, 0x20, 0x7D, 0x0D, 0x0A, 
0x20, 0x20, 0x20, 0x20, 0x20, 0x20, 0x20, 0x20, 0x7D, 0x3B, 0x0D, 0x0A, 0x0D, 0x0A, 0x20, 0x20, 
0x20, 0x20, 0x20, 0x20, 0x20, 0x20, 0x78, 0x68, 0x72, 0x2E, 0x6F, 0x6E, 0x65, 0x72, 0x72, 0x6F, 
0x72, 0x20, 0x3D, 0x20, 0x28, 0x29, 0x20, 0x3D, 0x3E, 0x20, 0x7B, 0x0D, 0x0A, 0x20, 0x20, 0x20, 
0x20, 0x20, 0x20, 0x20, 0x20, 0x20, 0x20, 0x20, 0x20, 0x63, 0x6F, 0x6E, 0x73, 0x6F, 0x6C, 0x65, 
0x2E, 0x65, 0x72, 0x72, 0x6F, 0x72, 0x28, 0x27, 0x55, 0x70, 0x6C, 0x6F, 0x61, 0x64, 0x20, 0x66, 
0x61, 0x69, 0x6C, 0x65, 0x64, 0x2E, 0x27, 0x29, 0x3B, 0x0D, 0x0A, 0x20, 0x20, 0x20, 0x20, 0x20, 
0x20, 0x20, 0x20, 0x7D, 0x3B, 0x0D, 0x0A, 0x0D, 0x0A, 0x20, 0x20, 0x20, 0x20, 0x20, 0x20, 0x20, 
0x20, 0x75, 0x70, 0x6C, 0x6F, 0x61, 0x64, 0x4D, 0x6F, 0x64, 0x61, 0x6C, 0x2E, 0x73, 0x74, 0x79, 
0x6C, 0x65, 0x2E, 0x64, 0x69, 0x73, 0x70, 0x6C, 0x61, 0x79, 0x20, 0x3D, 0x20, 0x27, 0x62, 0x6C, 
0x6F, 0x63, 0x6B, 0x27, 0x3B, 0x0D, 0x0A, 0x20, 0x20, 0x20, 0x20, 0x20, 0x20, 0x20, 0x20, 0x78, 
0x68, 0x72, 0x2E, 0x73, 0x65, 0x6E, 0x64, 0x28, 0x66, 0x6F, 0x72, 0x6D, 0x44, 0x61, 0x74, 0x61, 
0x29, 0x3B, 0x0D, 0x0A, 0x20, 0x20, 0x20, 0x20, 0x7D, 0x0D, 0x0A, 0x0D, 0x0A, 0x20, 0x20, 0x20, 
0x20, 0x20, 0x20, 0x20, 0x20, 0x62, 0x61, 0x63, 0x6B, 0x42, 0x75, 0x74, 0x74, 0x6F, 0x6E, 0x2E, 
0x61, 0x64, 0x64, 0x45, 0x76, 0x65, 0x6E, 0x74, 0x4C, 0x69, 0x73, 0x74, 0x65, 0x6E, 0x65, 0x72, 
0x28, 0x27, 0x63, 0x6C, 0x69, 0x63, 0x6B, 0x27, 0x2C, 0x20, 0x67, 0x6F, 0x42, 0x61, 0x63, 0x6B, 
0x29, 0x3B, 0x0D, 0x0A, 0x20, 0x20, 0x20, 0x20, 0x20, 0x20, 0x20, 0x20, 0x66, 0x65, 0x74, 0x63, 
0x68, 0x46, 0x6F, 0x6C, 0x64, 0x65, 0x72, 0x43, 0x6F, 0x6E, 0x74, 0x65, 0x6E, 0x74, 0x73, 0x28, 
0x63, 0x75, 0x72, 0x72, 0x65, 0x6E, 0x74, 0x50, 0x61, 0x74, 0x68, 0x29, 0x3B, 0x0D, 0x0A, 0x20, 
0x20, 0x20, 0x20, 0x3C, 0x2F, 0x73, 0x63, 0x72, 0x69, 0x70, 0x74, 0x3E, 0x0D, 0x0A, 0x20, 0x20, 
0x20, 0x20, 0x3C, 0x2F, 0x64, 0x69, 0x76, 0x3E, 0x0D, 0x0A, 0x3C, 0x21, 0x2D, 0x2D, 0x20, 0x20, 
0x20, 0x20, 0x0D, 0x0A, 0x20, 0x20, 0x20, 0x20, 0x3C, 0x66, 0x6F, 0x6F, 0x74, 0x65, 0x72, 0x20, 
0x63, 0x6C, 0x61, 0x73, 0x73, 0x3D, 0x22, 0x66, 0x6F, 0x6F, 0x74, 0x65, 0x72, 0x2D, 0x63, 0x61, 
0x72, 0x64, 0x22, 0x3E, 0x0D, 0x0A, 0x20, 0x20, 0x20, 0x20, 0x20, 0x20, 0x20, 0x20, 0x3C, 0x64, 
0x69, 0x76, 0x20, 0x63, 0x6C, 0x61, 0x73, 0x73, 0x3D, 0x22, 0x66, 0x6F, 0x6F, 0x74, 0x65, 0x72, 
0x2D, 0x6C, 0x69, 0x6E, 0x65, 0x22, 0x3E, 0x0D, 0x0A, 0x20, 0x20, 0x20, 0x20, 0x20, 0x20, 0x20, 
0x20, 0x20, 0x20, 0x20, 0x20, 0x42, 0x79, 0x20, 0x3C, 0x61, 0x20, 0x68, 0x72, 0x65, 0x66, 0x3D, 
0x22, 0x68, 0x74, 0x74, 0x70, 0x73, 0x3A, 0x2F, 0x2F, 0x67, 0x69, 0x74, 0x68, 0x75, 0x62, 0x2E, 
0x63, 0x6F, 0x6D, 0x2F, 0x6A, 0x6F, 0x62, 0x69, 0x74, 0x6A, 0x6F, 0x73, 0x65, 0x70, 0x68, 0x22, 
0x20, 0x74, 0x61, 0x72, 0x67, 0x65, 0x74, 0x3D, 0x22, 0x5F, 0x62, 0x6C, 0x61, 0x6E, 0x6B, 0x22, 
0x3E, 0x4A, 0x6F, 0x62, 0x69, 0x74, 0x20, 0x4A, 0x6F, 0x73, 0x65, 0x70, 0x68, 0x3C, 0x2F, 0x61, 
0x3E, 0x0D, 0x0A, 0x20, 0x20, 0x20, 0x20, 0x20, 0x20, 0x20, 0x20, 0x3C, 0x2F, 0x64, 0x69, 0x76, 
0x3E, 0x0D, 0x0A, 0x20, 0x20, 0x20, 0x20, 0x3C, 0x2F, 0x66, 0x6F, 0x6F, 0x74, 0x65, 0x72, 0x3E, 
0x0D, 0x0A, 0x2D, 0x2D, 0x3E, 0x20, 0x20, 0x20, 0x20, 0x0D, 0x0A, 0x3C, 0x2F, 0x62, 0x6F, 0x64, 
0x79, 0x3E, 0x0D, 0x0A, 0x0D, 0x0A, 0x3C, 0x2F, 0x68, 0x74, 0x6D, 0x6C, 0x3E
};